directory,name,status,raw_status,returncode,foreign_gpu_pids,git_commit,raw,cells
comparison,llama2_tree_eager_helpers,complete,complete,0,[],225d1ab14dfd43f75435eadd3d12c4b4fbe695ad,comparison/llama2_tree_eager_helpers.json,2
comparison,llama2_tree_optimized,complete,complete,0,[],30d885156ad2cadae3ac9bb195b50fe88c3ae663,comparison/llama2_tree_optimized.json,2
comparison,llama2_chain,complete,complete,0,[],30d885156ad2cadae3ac9bb195b50fe88c3ae663,comparison/llama2_chain.json,2
comparison,llama3_tree_eager_helpers,complete,complete,0,[],30d885156ad2cadae3ac9bb195b50fe88c3ae663,comparison/llama3_tree_eager_helpers.json,2
comparison,llama3_tree_optimized,complete,complete,0,[],b90f118319d94e8a34e88f55eb93c713548ed90c,comparison/llama3_tree_optimized.json,2
comparison,llama3_chain,complete,complete,0,[],b90f118319d94e8a34e88f55eb93c713548ed90c,comparison/llama3_chain.json,2
llama2_ar,llama2_ar_reference,complete,complete,0,[],7af3f5cd14e5a3e06e0435ada5238a29abfd382e,llama2_ar/llama2_ar_reference.json,4
llama2_boundary1,llama2_tree_boundary,complete,complete,0,[],413afca95bf88d4d02a009605146b353113bc8ba,llama2_boundary1/llama2_tree_boundary.json,1
llama2_edge1,llama2_tree_edge,complete,complete,0,[],d7fea9f83bd1c46f3016848133f4f064f5199176,llama2_edge1/llama2_tree_edge.json,4
llama2_full1,llama2_tree_full,complete,complete,0,[],72475b85702b13d15bb64719d54913d9dac497ed,llama2_full1/llama2_tree_full.json,6
llama2_full1,llama2_chain_full,complete,complete,0,[],413afca95bf88d4d02a009605146b353113bc8ba,llama2_full1/llama2_chain_full.json,6
llama2_p2,llama2_p2tree_full,complete,complete,0,[],225d1ab14dfd43f75435eadd3d12c4b4fbe695ad,llama2_p2/llama2_p2tree_full.json,8
llama2_preempt1,llama2_tree_preempt,complete,complete,0,[],c8f7b943a83e071eaf8af555b0e7015614ebad70,llama2_preempt1/llama2_tree_preempt.json,1
llama2_screen1,llama2_tree_screen,failed,running,1,[],7af3f5cd14e5a3e06e0435ada5238a29abfd382e,llama2_screen1/llama2_tree_screen.json,3
llama2_screen2,llama2_tree_screen,complete,complete,0,[],33dda1ee25fed9b88802817a59f46c428cacc07b,llama2_screen2/llama2_tree_screen.json,8
llama3_ar,llama3_ar_reference,complete,complete,0,[],7af3f5cd14e5a3e06e0435ada5238a29abfd382e,llama3_ar/llama3_ar_reference.json,4
llama3_boundary1,llama3_tree_boundary,complete,complete,0,[],c8f7b943a83e071eaf8af555b0e7015614ebad70,llama3_boundary1/llama3_tree_boundary.json,1
llama3_edge1,llama3_tree_edge,complete,complete,0,[],d7fea9f83bd1c46f3016848133f4f064f5199176,llama3_edge1/llama3_tree_edge.json,4
llama3_full1,llama3_tree_full,complete,complete,0,[],d7fea9f83bd1c46f3016848133f4f064f5199176,llama3_full1/llama3_tree_full.json,6
llama3_full1,llama3_chain_full,complete,complete,0,[],413afca95bf88d4d02a009605146b353113bc8ba,llama3_full1/llama3_chain_full.json,6
llama3_p2,llama3_p2tree_full,complete,complete,0,[],225d1ab14dfd43f75435eadd3d12c4b4fbe695ad,llama3_p2/llama3_p2tree_full.json,8
llama3_preempt1,llama3_tree_preempt,complete,complete,0,[],c8f7b943a83e071eaf8af555b0e7015614ebad70,llama3_preempt1/llama3_tree_preempt.json,1
llama3_screen1,llama3_tree_screen,failed,running,1,[],7af3f5cd14e5a3e06e0435ada5238a29abfd382e,llama3_screen1/llama3_tree_screen.json,2
llama3_screen2,llama3_tree_screen,complete,complete,0,[],33dda1ee25fed9b88802817a59f46c428cacc07b,llama3_screen2/llama3_tree_screen.json,8
packed_comparison,llama2_tree_packed,complete,complete,0,[],b90f118319d94e8a34e88f55eb93c713548ed90c,packed_comparison/llama2_tree_packed.json,4
packed_comparison,llama3_tree_packed,complete,complete,0,[],b90f118319d94e8a34e88f55eb93c713548ed90c,packed_comparison/llama3_tree_packed.json,4
placement_pix,llama3_tree_optimized,complete,complete,0,[],b90f118319d94e8a34e88f55eb93c713548ed90c,placement_pix/llama3_tree_optimized.json,2
placement_pix,llama3_chain,complete,complete,0,[],b90f118319d94e8a34e88f55eb93c713548ed90c,placement_pix/llama3_chain.json,2
qwama_smoke1,llama3_tree_b2_t0,complete,complete,0,[],ec8bc976e3b6c7273fff1ba2a4ce2c063e1b8f46,qwama_smoke1/llama3_tree_b2_t0.json,1
smoke1,llama2_tree_b2_t0,failed,running,1,[],ec8bc976e3b6c7273fff1ba2a4ce2c063e1b8f46,smoke1/llama2_tree_b2_t0.json,0
smoke2,llama2_tree_b2_t0,failed,failed,1,[],ec8bc976e3b6c7273fff1ba2a4ce2c063e1b8f46,smoke2/llama2_tree_b2_t0.json,0
smoke3,llama2_tree_b2_t0,complete,complete,0,[],ec8bc976e3b6c7273fff1ba2a4ce2c063e1b8f46,smoke3/llama2_tree_b2_t0.json,1
tp2,llama2_tree_tp2,complete,complete,0,[],800f0119ab4f9ee77f79e3eeb1f0b080b5bcccf4,tp2/llama2_tree_tp2.json,2
tp2,llama3_tree_tp2,complete,complete,0,[],800f0119ab4f9ee77f79e3eeb1f0b080b5bcccf4,tp2/llama3_tree_tp2.json,2
