T,ablation,coverage_pct,gain_pp,lo_pp,hi_pp
0.5,original_proxy,88.9308699537921,0.0,0.0,0.0
0.5,original_residual,85.09982782557137,-3.83104212822071,-4.638872142136521,-3.0837088744202985
0.5,full_only,88.9344969460033,0.003626992211227739,-0.0004029978954102804,0.00996938849104431
0.5,hazard_only,91.26486504917341,2.333995095381326,1.3897732297286853,3.3422976356893175
0.5,allocation_only,91.26951903248187,2.3386490786897784,1.393757485223464,3.344963546963744
0.5,source_only,88.82636403279233,-0.10450592099976337,-0.36060471510702297,0.10774585670907713
0.5,source_plus_full,88.83078109782059,-0.10008885597149556,-0.35509480087297923,0.11209288486257712
0.5,source_plus_hazard,91.21417404800239,2.2833040942103016,1.2967558211933727,3.3361976989800737
0.5,selected,91.3267716575518,2.3959017037597183,1.456883921706417,3.402238176111896
0.5,optimized_proxy,89.88874914310733,0.9578791893152382,0.09059905229735238,1.865283026265469
0.5,optimized_residual,86.25671750304963,-2.674152450742459,-3.5779468228003783,-1.783376071482981
0.5,legacy_unscaled_proxy,88.62419314682482,-0.30667680696725114,-1.1723481401879121,0.5824913655892604
0.5,legacy_unscaled_residual,83.99653397500516,-4.9343359787869385,-6.217224810017673,-3.7308485564046965
0.7,original_proxy,82.04242470815123,0.0,0.0,0.0
0.7,original_residual,78.27512686664451,-3.7672978415067226,-4.731913128053829,-2.8995114368902715
0.7,full_only,82.10375147054336,0.06132676239212718,-0.013556117657342413,0.14628780863013038
0.7,hazard_only,84.38724708723537,2.3448223790841185,1.6178579705874951,3.0944432068813374
0.7,allocation_only,84.43924417357034,2.396819465419089,1.6801879932276869,3.148419052590823
0.7,source_only,82.04101909774208,-0.001405610409160986,-0.09349916073079387,0.1030944872036452
0.7,source_plus_full,82.07846661313457,0.03604190498332655,-0.07472353657029067,0.15924173372055242
0.7,source_plus_hazard,84.4228354716673,2.380410763516063,1.6145212125281083,3.193064186126611
0.7,selected,84.4304711628668,2.388046454715555,1.6172211827462646,3.2072557168189633
0.7,optimized_proxy,84.43924417357034,2.396819465419089,1.6801879932276869,3.148419052590823
0.7,optimized_residual,79.52748062816435,-2.514944079986878,-3.5519019016486757,-1.597883396687693
0.7,legacy_unscaled_proxy,81.4926960505545,-0.5497286575967252,-1.1453881287007983,0.0047348016127155
0.7,legacy_unscaled_residual,77.21337514619032,-4.829049561960914,-5.976399089048333,-3.788085589465319
1.0,original_proxy,65.03938159762153,0.0,0.0,0.0
1.0,original_residual,61.7616916635068,-3.2776899341147248,-4.282932493316344,-2.3522950330622225
1.0,full_only,65.45179585364338,0.41241425602185094,0.17481808790166914,0.706271555362484
1.0,hazard_only,66.65101291539202,1.6116313177705006,1.0992115534647318,2.1813238449981487
1.0,allocation_only,66.68644881542436,1.6470672178028385,1.1033687142242135,2.24288696366527
1.0,source_only,65.12800067535755,0.08861907773603245,-0.02083137227578131,0.20636281487014413
1.0,source_plus_full,65.48912504334487,0.4497434457233451,0.23961224986999397,0.6858273344730105
1.0,source_plus_hazard,66.65604380761438,1.616662209992856,1.1025770830752144,2.1820815270889202
1.0,selected,66.81173368048447,1.7723520828629484,1.218862865819113,2.3647263437149193
1.0,optimized_proxy,66.68644881542436,1.6470672178028385,1.1033687142242135,2.24288696366527
1.0,optimized_residual,62.86799850919718,-2.1713830884243435,-3.200465192412133,-1.1879396649623293
1.0,legacy_unscaled_proxy,65.03938160215816,4.536628538109872e-09,-6.875223276514113e-07,6.950637629040205e-07
1.0,legacy_unscaled_residual,61.761691359182194,-3.2776902384393214,-4.282932768564046,-2.3522950428802556
