tau,lam,train,test,test_lo,test_hi,kl,tvd,entropy_delta,fixed_h,true_h,h_only
0.65,0.0,0.6088481545448303,0.6218509674072266,0.604277478158474,0.6398456901311874,1.0132615566253662,0.33099380135536194,-1.1011292934417725,0.649457573890686,0.714353084564209,
0.65,0.25,0.5977029800415039,0.6148732900619507,0.5964522451162338,0.6333021342754364,1.0132615566253662,0.33099380135536194,-1.1011292934417725,,,
0.65,0.5,0.5917016267776489,0.6051357388496399,0.5864893540740013,0.6240060135722161,1.0132615566253662,0.33099380135536194,-1.1011292934417725,,,
0.65,0.75,0.5794260501861572,0.5942834615707397,0.5755759865045548,0.6131765589118003,1.0132615566253662,0.33099380135536194,-1.1011292934417725,,,
0.65,1.0,0.5713912844657898,0.5841618776321411,0.5659033581614494,0.6028323411941529,1.0132615566253662,0.33099380135536194,-1.1011292934417725,0.5970199108123779,0.6352927684783936,0.5565907955169678
0.8,0.0,0.6259005069732666,0.636184811592102,0.6183886364102363,0.654475924372673,0.6533620357513428,0.2895209491252899,-0.6862264275550842,0.6481220722198486,0.7216998934745789,
0.8,0.25,0.6161426901817322,0.6328633427619934,0.6150577962398529,0.6512003049254418,0.6533620357513428,0.2895209491252899,-0.6862264275550842,,,
0.8,0.5,0.6127615571022034,0.6253636479377747,0.6066781580448151,0.6440294966101646,0.6533620357513428,0.2895209491252899,-0.6862264275550842,,,
0.8,0.75,0.6031296849250793,0.6168612241744995,0.5976067990064621,0.6366043657064437,0.6533620357513428,0.2895209491252899,-0.6862264275550842,,,
0.8,1.0,0.5909062623977661,0.6053308248519897,0.5867419064044952,0.6243651255965232,0.6533620357513428,0.2895209491252899,-0.6862264275550842,0.6103472113609314,0.6560893058776855,0.5900675058364868
0.9,0.0,0.6350674033164978,0.6407154202461243,0.6235548540949821,0.658144722878933,0.5244936943054199,0.26822829246520996,-0.31147533655166626,0.6450011730194092,0.7238984107971191,
0.9,0.25,0.6273655891418457,0.6383145451545715,0.6202748373150826,0.6565500646829605,0.5244936943054199,0.26822829246520996,-0.31147533655166626,,,
0.9,0.5,0.6210002899169922,0.630631685256958,0.6126280933618545,0.6485046029090882,0.5244936943054199,0.26822829246520996,-0.31147533655166626,,,
0.9,0.75,0.610885500907898,0.624740481376648,0.6062322869896889,0.6434273719787598,0.5244936943054199,0.26822829246520996,-0.31147533655166626,,,
0.9,1.0,0.5970361828804016,0.610275149345398,0.592432887852192,0.6284165143966675,0.5244936943054199,0.26822829246520996,-0.31147533655166626,0.6101289987564087,0.6617797017097473,0.6014808416366577
1.0,0.0,0.6376597881317139,0.6426194906234741,0.6250293344259262,0.6606737419962883,0.46365079283714294,0.2596827745437622,0.16052590310573578,0.6426194906234741,0.7254704236984253,
1.0,0.25,0.6313135027885437,0.6390137076377869,0.6204730853438377,0.6581648468971253,0.46365079283714294,0.2596827745437622,0.16052590310573578,,,
1.0,0.5,0.6249532699584961,0.632543683052063,0.6139229789376259,0.6514492258429527,0.46365079283714294,0.2596827745437622,0.16052590310573578,,,
1.0,0.75,0.6125719547271729,0.620013415813446,0.6012069091200829,0.6390758588910103,0.46365079283714294,0.2596827745437622,0.16052590310573578,,,
1.0,1.0,0.5955773591995239,0.6055629849433899,0.5858400702476502,0.6254598557949066,0.46365079283714294,0.2596827745437622,0.16052590310573578,0.6055629849433899,0.6610041260719299,0.6055629849433899
1.1,0.0,0.6343393325805664,0.6394658088684082,0.62155681848526,0.6586274027824401,0.4613780081272125,0.2705099880695343,0.7330222725868225,0.6393722295761108,0.7259246110916138,
1.1,0.25,0.6314920783042908,0.6365514993667603,0.6173004090785981,0.6566207155585289,0.4613780081272125,0.2705099880695343,0.7330222725868225,,,
1.1,0.5,0.6180354356765747,0.6262816786766052,0.6064647182822227,0.6461989149451256,0.4613780081272125,0.2705099880695343,0.7330222725868225,,,
1.1,0.75,0.6045619249343872,0.6096077561378479,0.5886968314647675,0.6300864025950432,0.4613780081272125,0.2705099880695343,0.7330222725868225,,,
1.1,1.0,0.5818027853965759,0.5854160785675049,0.5630613267421722,0.6076254099607468,0.4613780081272125,0.2705099880695343,0.7330222725868225,0.5868492126464844,0.6476225852966309,0.6033252477645874
1.25,0.0,0.6140603423118591,0.6199249029159546,0.6015004694461823,0.6387312591075898,0.5534921288490295,0.32678648829460144,1.752247929573059,0.635296642780304,0.7262535095214844,
1.25,0.25,0.6038168668746948,0.6130703687667847,0.5930532068014145,0.632900808751583,0.5534921288490295,0.32678648829460144,1.752247929573059,,,
1.25,0.5,0.590104877948761,0.5964770317077637,0.5758512333035469,0.6169387906789779,0.5534921288490295,0.32678648829460144,1.752247929573059,,,
1.25,0.75,0.5650774240493774,0.5696215629577637,0.5472464397549629,0.5911183893680573,0.5534921288490295,0.32678648829460144,1.752247929573059,,,
1.25,1.0,0.5381172895431519,0.5328785181045532,0.5097273632884025,0.5557175517082215,0.5534921288490295,0.32678648829460144,1.752247929573059,0.5433038473129272,0.6063729524612427,0.5867253541946411
1.5,0.0,0.5365123748779297,0.5434137582778931,0.5235883742570877,0.5643735945224762,0.9099887013435364,0.4857742488384247,3.63842511177063,0.6263597011566162,0.7257421612739563,
1.5,0.25,0.509236752986908,0.5115052461624146,0.49020843133330344,0.5338042587041855,0.9099887013435364,0.4857742488384247,3.63842511177063,,,
1.5,0.5,0.46913519501686096,0.4649592936038971,0.4400510169565678,0.49018002673983574,0.9099887013435364,0.4857742488384247,3.63842511177063,,,
1.5,0.75,0.4212719798088074,0.4187849462032318,0.39563809633255004,0.44288852959871294,0.9099887013435364,0.4857742488384247,3.63842511177063,,,
1.5,1.0,0.3836435079574585,0.3720753490924835,0.3503624714910984,0.39470738619565965,0.9099887013435364,0.4857742488384247,3.63842511177063,0.4465402662754059,0.5091220140457153,0.5317659974098206
