policy,key,train,test,test_lo,test_hi,test_gain_vs_residual,gain_lo,gain_hi,test_gain_vs_proxy
residual,grid::tau1__lambda1,0.5955773591995239,0.6055629849433899,0.5858400702476502,0.6254598557949066,0.0,0.0,0.0,-0.037056487053632736
proxy,grid::tau1__lambda0,0.6376597881317139,0.6426194906234741,0.6250293344259262,0.6606737419962883,0.037056487053632736,0.029779097717255353,0.04434368321672082,0.0
KL_calibrated_residual,grid::tau1.1__lambda1,0.5818027853965759,0.5854160785675049,0.5630613267421722,0.6076254099607468,-0.020146910101175308,-0.025926059950143097,-0.014561970019713042,-0.057203397154808044
KL_calibrated_proxy,grid::tau1.1__lambda0,0.6343393325805664,0.6394658088684082,0.62155681848526,0.6586274027824401,0.033902838826179504,0.026142551377415658,0.042000615131109954,-0.003153646131977439
coverage_calibrated_residual,grid::tau0.9__lambda1,0.5970361828804016,0.610275149345398,0.592432887852192,0.6284165143966675,0.00471213273704052,0.00035884964963770475,0.009142475225962699,-0.03234435245394707
lambda_only,grid::tau1__lambda0,0.6376597881317139,0.6426194906234741,0.6250293344259262,0.6606737419962883,0.037056487053632736,0.029779097717255353,0.04434368321672082,0.0
joint_tau_lambda,grid::tau1__lambda0,0.6376597881317139,0.6426194906234741,0.6250293344259262,0.6606737419962883,0.037056487053632736,0.029779097717255353,0.04434368321672082,0.0
oracle_residual_proxy_h,step::oracle_residual__proxy_h__m17,0.7194068431854248,0.7295531034469604,0.7147668108344079,0.7444742500782013,0.12399013340473175,0.11211297288537025,0.1361469104886055,0.08693364262580872
residual_true_h,step::residual__true_h__m17,0.6488567590713501,0.6610041260719299,0.642577177286148,0.6796522855758667,0.05544113740324974,0.0488275540061295,0.06238522175699473,0.018384652212262154
proxy_true_h,step::proxy__true_h__m17,0.7093640565872192,0.7254704236984253,0.7103579834103584,0.7406645312905311,0.1199074238538742,0.1079901795834303,0.13291163183748722,0.08285094797611237
oracle_residual_true_h,step::oracle_residual__true_h__m17,0.8110525608062744,0.8257733583450317,0.8145834445953369,0.8366740077733994,0.22021037340164185,0.20434106476604938,0.2371968761086464,0.18315389752388
oracle_target_true_h,step::oracle_target__true_h__m17,0.781166672706604,0.7980600595474243,0.785426652431488,0.8103484511375427,0.19249705970287323,0.1766360942274332,0.20976935140788555,0.1554405689239502
ceiling,step::ceiling,0.8117814064025879,0.8264478445053101,0.8153079152107239,0.8372880563139915,0.2208847999572754,0.20500302873551846,0.23788392618298532,0.18382830917835236
exact_KL_residual,exact::residual,0.5883244276046753,0.596468448638916,0.5749282851815224,0.6176081150770187,-0.009094573557376862,-0.013017738424241542,-0.005270440923050045,-0.0461510606110096
exact_KL_proxy,exact::proxy,0.6376866102218628,0.6421791315078735,0.62418003231287,0.6610462307929993,0.03661615401506424,0.029060802469030023,0.044590810593217615,-0.0004403319035191089
