policy,development,development_gain_vs_proxy,development_gain_lo,development_gain_hi,confirmation,confirmation_gain_vs_proxy,confirmation_gain_lo,confirmation_gain_hi
global::residual_true_h,0.6549304127693176,0.014790808781981468,0.007003614108543843,0.02227216949686408,0.6656482815742493,0.009465482085943222,-0.001602530782110989,0.020459561329334974
global::proxy_true_h,0.7174172401428223,0.07727760821580887,0.07099599223583937,0.08369843810796737,0.732046365737915,0.07586359977722168,0.06680704094469547,0.08546012062579393
global::oracle_residual_true_h,0.8184130191802979,0.17827337980270386,0.16991735100746155,0.18647621273994447,0.8222038745880127,0.16602106392383575,0.15500025525689126,0.17744663171470165
global::oracle_residual_proxy_h,0.7244799137115479,0.08434036374092102,0.07920675557106734,0.08942882101982833,0.7309849262237549,0.07480212301015854,0.0688905205577612,0.08073016926646233
global::oracle_target_true_h,0.7896134257316589,0.14947375655174255,0.14105026461184025,0.15764078982174398,0.795937716960907,0.13975492119789124,0.12857201583683492,0.15137490704655648
global::oracle_target_proxy_h,0.697736382484436,0.05759679153561592,0.05261854343116283,0.062468796502798796,0.7053660154342651,0.049183208495378494,0.04315390503033996,0.05524894986301661
policy::proxy,0.6401395797729492,0.0,0.0,0.0,0.6561828255653381,0.0,0.0,0.0
policy::residual,0.6005701422691345,-0.0395694337785244,-0.04555959403514862,-0.03373190369457006,0.612968385219574,-0.04321442171931267,-0.05163651686161756,-0.03526273304596543
policy::lambda_0.1,0.6371974349021912,-0.002942145336419344,-0.004946351831313222,-0.0011016569216735646,0.6544339656829834,-0.0017488101730123162,-0.004596859042067081,0.0007149143522838135
policy::lambda_0.25,0.6351635456085205,-0.004976022057235241,-0.007634686050005257,-0.0023233465151861307,0.6502330899238586,-0.005949688144028187,-0.010015996033325791,-0.002230691030854359
policy::lambda_0.5,0.6287485361099243,-0.011391142383217812,-0.015265795099548996,-0.007334368990268558,0.6410267353057861,-0.015156032517552376,-0.021525140013545753,-0.00915234291460365
policy::lambda_0.75,0.6162927150726318,-0.023846924304962158,-0.028921224968507887,-0.01892696414142847,0.6278343200683594,-0.028348471969366074,-0.03604635801166296,-0.021106080012395976
policy::mix_0.1,0.6403414011001587,0.00020177126862108707,-0.00063510720647173,0.0010804562130942944,0.6560562252998352,-0.00012657808838412166,-0.0014162266539642586,0.0010459783370606601
policy::mix_0.25,0.6394492387771606,-0.0006903753383085132,-0.002328452275833115,0.0009080016810912644,0.6552813053131104,-0.0009014927200041711,-0.0028667449892964213,0.0008828809252008797
policy::mix_0.5,0.6383350491523743,-0.0018045619362965226,-0.0037467168236617,0.00014517571253236435,0.6525062322616577,-0.0036765746772289276,-0.006239059870131313,-0.0012649075273657212
policy::mix_0.75,0.6333227157592773,-0.006816930137574673,-0.009649175382219256,-0.004069327155593782,0.6465803384780884,-0.009602464735507965,-0.013414758443832397,-0.005961033538915216
policy::relative_0.25,0.6387365460395813,-0.001403111731633544,-0.0029715142038185148,2.0983906870242494e-05,0.6548692584037781,-0.001313549350015819,-0.004227420035749674,0.0011929643398616476
policy::relative_0.5,0.6386009454727173,-0.0015386638697236776,-0.003693800966721028,0.00041748473013285584,0.6541024446487427,-0.0020803718362003565,-0.0051891065668314695,0.0007810114562744281
policy::relative_1,0.6373660564422607,-0.0027735147159546614,-0.005273810436483473,-0.00034791222569765455,0.6529978513717651,-0.0031849320512264967,-0.006246198620647192,-0.0004385279549751416
policy::relative_2,0.6310864686965942,-0.009053155779838562,-0.012442734721116722,-0.005705962097272276,0.6429093480110168,-0.013273444026708603,-0.01857520961202681,-0.00853067475836724
policy::tau_0.8_residual,0.5981185436248779,-0.04202108085155487,-0.04880993338301778,-0.03544461689889431,0.6113642454147339,-0.04481858015060425,-0.05452415589243174,-0.03525844579562545
policy::tau_0.8_proxy,0.6310426592826843,-0.00909694004803896,-0.012749585113488138,-0.005309383990243077,0.6475769877433777,-0.008605805225670338,-0.013598867133259774,-0.003563759574899449
policy::tau_0.9_residual,0.6036556363105774,-0.03648395091295242,-0.042961197812110184,-0.03028900870122015,0.6170899868011475,-0.03909280151128769,-0.04749564081430435,-0.030864359717816113
policy::tau_0.9_proxy,0.637891411781311,-0.002248218050226569,-0.00512221003882587,0.0007134477054933087,0.6534326076507568,-0.002750208368524909,-0.006002805347088724,0.0006714349612593656
policy::tau_1.1_residual,0.5836094617843628,-0.0565301850438118,-0.06371736600995064,-0.049438702408224344,0.6020214557647705,-0.05416131392121315,-0.06327182948589324,-0.04516553236171603
policy::tau_1.1_proxy,0.6369026303291321,-0.0032370153348892927,-0.006845499109476805,0.0002179707451432481,0.653134822845459,-0.00304800970479846,-0.007138890959322452,0.0008247471734648577
policy::tau_1.25_residual,0.5354979038238525,-0.10464169085025787,-0.11247490961104631,-0.09675248954445123,0.5518268346786499,-0.10435601323843002,-0.115712352655828,-0.09331634156405925
policy::tau_1.25_proxy,0.6169925928115845,-0.023146983236074448,-0.028880651062354445,-0.01798619283363223,0.6301780343055725,-0.026004770770668983,-0.03304476700723171,-0.019518978055566547
policy::tau_0.9_mix_0.25,0.6379632353782654,-0.0021763676777482033,-0.00501440359512344,0.000721015682211146,0.6536703705787659,-0.0025124168023467064,-0.00591726069105789,0.0011638952943030748
policy::tau_0.9_mix_0.5,0.6376050710678101,-0.002534516854211688,-0.0054364392184652385,0.0005985132462228656,0.6525221467018127,-0.0036606776993721724,-0.007624167215544731,0.0005368246755097065
policy::tau_0.9_mix_0.75,0.6340588927268982,-0.006080682389438152,-0.009686129819601774,-0.002451008680509403,0.6486629247665405,-0.007519891019910574,-0.012236409774050116,-0.002701250259997323
global::ceiling,0.8191146850585938,0.17897501587867737,0.17055601254105568,0.1872590161859989,0.8228271007537842,0.16664430499076843,0.15559535287320614,0.17806228138506414
global::oracle_switch,0.6523936986923218,0.012254069559276104,0.010768875968642533,0.013920868071727455,0.6664702296257019,0.010287422686815262,0.008885913551785052,0.011738344607874752
repair::0_residual,0.6005701422691345,-0.0395694337785244,-0.04555959403514862,-0.03373190369457006,0.612968385219574,-0.04321442171931267,-0.05163651686161756,-0.03526273304596543
repair::0_proxy,0.6401395797729492,0.0,0.0,0.0,0.6561828255653381,0.0,0.0,0.0
repair::0.1_residual,0.6565394401550293,0.016399893909692764,0.010211664321832358,0.022495445935055616,0.6622027158737183,0.006019925232976675,-0.001985587552189827,0.0134745501447469
repair::0.1_proxy,0.6859492063522339,0.04580956697463989,0.04143030755221844,0.050240620225667956,0.6924738883972168,0.03629106283187866,0.030812900187447666,0.042166625056415795
repair::0.25_residual,0.7073167562484741,0.06717715412378311,0.060648560710251334,0.07393922861665488,0.7158278226852417,0.05964504927396774,0.05106685636565089,0.0683186311274767
repair::0.25_proxy,0.7179416418075562,0.07780204713344574,0.07191111799329519,0.08358740657567978,0.7261438369750977,0.06996101140975952,0.06145995985716581,0.07889964170753956
repair::0.5_residual,0.7637759447097778,0.12363635003566742,0.11604979578405619,0.13154184855520726,0.7694567441940308,0.1132740005850792,0.10327438507229089,0.12331738509237766
repair::0.5_proxy,0.7512055039405823,0.11106584221124649,0.10370678715407848,0.11853252220898866,0.759462833404541,0.10328003764152527,0.09369069561362267,0.11313031725585461
repair::0.75_residual,0.7974381446838379,0.15729855000972748,0.14918421395123005,0.16575594246387482,0.8025671243667603,0.1463843286037445,0.13596577681601046,0.15679144635796546
repair::0.75_proxy,0.7738474011421204,0.13370779156684875,0.12574596814811229,0.14190822802484035,0.7809131145477295,0.12473027408123016,0.11460455227643251,0.13496335297822953
repair::1_residual,0.8184130191802979,0.17827337980270386,0.16991735100746155,0.18647621273994447,0.8222038745880127,0.16602106392383575,0.15500025525689126,0.17744663171470165
repair::1_proxy,0.7896134257316589,0.14947375655174255,0.14105026461184025,0.15764078982174398,0.795937716960907,0.13975492119789124,0.12857201583683492,0.15137490704655648
stump,0.6401395797729492,0.0,0.0,0.0,0.6561828255653381,0.0,0.0,0.0
ridge,0.6401395797729492,0.0,0.0,0.0,0.6561828255653381,0.0,0.0,0.0
best_static,0.6403414011001587,0.00020177126862108707,-0.00063510720647173,0.0010804562130942944,0.6560562252998352,-0.00012657808838412166,-0.0014162266539642586,0.0010459783370606601
best_nontrivial_static,0.6403414011001587,0.00020177126862108707,-0.00063510720647173,0.0010804562130942944,0.6560562252998352,-0.00012657808838412166,-0.0014162266539642586,0.0010459783370606601
