group,weighting,tv_low,tv_high,metric,mean,ci_low,ci_high,mass,contexts,prompts
development,pooled_reject,0.0,0.25,coverage_residual,0.5053039857242968,0.47926428840753255,0.5335047967555601,0.15036226544185155,2946,128
development,pooled_reject,0.0,0.25,coverage_proxy,0.6198107670613776,0.5941488324840974,0.6468557130551009,0.15036226544185155,2946,128
development,pooled_reject,0.0,0.25,coverage_gap,-0.11450678133708081,-0.13434619931822328,-0.095496805855664,0.15036226544185155,2946,128
development,pooled_reject,0.25,0.5,coverage_residual,0.45218951104184135,0.43599742801751784,0.4689526701168247,0.4482513250358319,2954,128
development,pooled_reject,0.25,0.5,coverage_proxy,0.494013338615209,0.47726026811307154,0.5111181966647325,0.4482513250358319,2954,128
development,pooled_reject,0.25,0.5,coverage_gap,-0.04182382757336767,-0.05333468553416989,-0.030240032173704582,0.4482513250358319,2954,128
development,pooled_reject,0.5,0.75,coverage_residual,0.48942198750679844,0.4645736264743052,0.5142685424846744,0.2935638915400954,1512,126
development,pooled_reject,0.5,0.75,coverage_proxy,0.5225693565171101,0.5002398976228297,0.545438620287225,0.2935638915400954,1512,126
development,pooled_reject,0.5,0.75,coverage_gap,-0.03314736901031168,-0.04771666890520682,-0.019392061388428042,0.2935638915400954,1512,126
development,pooled_reject,0.75,1.0,coverage_residual,0.6218406612696098,0.5694930766140387,0.6791107337774684,0.10782251798222113,594,117
development,pooled_reject,0.75,1.0,coverage_proxy,0.6650845089570276,0.6158697731248667,0.7156902748221774,0.10782251798222113,594,117
development,pooled_reject,0.75,1.0,coverage_gap,-0.04324384768741785,-0.07193387346031804,-0.015335918169471979,0.10782251798222113,594,117
development,step_normalized,0.0,0.25,coverage_residual,0.4785587217383602,0.4588403322617006,0.497790261559137,0.2526694838827531,2946,128
development,step_normalized,0.0,0.25,coverage_proxy,0.6097886343872411,0.5878855492936352,0.631403567904356,0.2526694838827531,2946,128
development,step_normalized,0.0,0.25,coverage_gap,-0.13122991264888084,-0.14801757586066142,-0.11381371920131585,0.2526694838827531,2946,128
development,step_normalized,0.25,0.5,coverage_residual,0.4548824472902838,0.4398617876604572,0.4701971292152054,0.42492113022038086,2954,128
development,step_normalized,0.25,0.5,coverage_proxy,0.49452834821958686,0.4788553796504969,0.5104262881186318,0.42492113022038086,2954,128
development,step_normalized,0.25,0.5,coverage_gap,-0.039645900929303035,-0.05010841374493406,-0.029187749323491725,0.42492113022038086,2954,128
development,step_normalized,0.5,0.75,coverage_residual,0.4870257682399724,0.46365339649216913,0.5105227561878474,0.2406608139171971,1512,126
development,step_normalized,0.5,0.75,coverage_proxy,0.5178435440526542,0.4962554355623373,0.5398462841651167,0.2406608139171971,1512,126
development,step_normalized,0.5,0.75,coverage_gap,-0.030817775812681802,-0.04435993159255252,-0.0179892232339674,0.2406608139171971,1512,126
development,step_normalized,0.75,1.0,coverage_residual,0.6216405612062879,0.5697130008525201,0.6782234867093827,0.08174857197966896,594,117
development,step_normalized,0.75,1.0,coverage_proxy,0.6657887841583505,0.6166197473673372,0.7160894401883491,0.08174857197966896,594,117
development,step_normalized,0.75,1.0,coverage_gap,-0.044148222952062666,-0.07317600008456733,-0.016110608611145813,0.08174857197966896,594,117
confirmation,pooled_reject,0.0,0.25,coverage_residual,0.5257056599516268,0.48793421437115864,0.5653109674998053,0.14051968755348293,1452,128
confirmation,pooled_reject,0.0,0.25,coverage_proxy,0.6618975435234651,0.6276637988331347,0.6961082933267347,0.14051968755348293,1452,128
confirmation,pooled_reject,0.0,0.25,alignment_residual,0.32650759415649405,0.2860955951902787,0.3698502508862407,0.14051968755348293,1452,128
confirmation,pooled_reject,0.0,0.25,alignment_proxy,0.3708409370023943,0.3311381939247691,0.4128688169781907,0.14051968755348293,1452,128
confirmation,pooled_reject,0.0,0.25,coverage_gap,-0.1361918835718383,-0.17138191999927266,-0.10208358201056085,0.14051968755348293,1452,128
confirmation,pooled_reject,0.0,0.25,alignment_gap,-0.04433334284590024,-0.06961881653034104,-0.020268797400313298,0.14051968755348293,1452,128
confirmation,pooled_reject,0.25,0.5,coverage_residual,0.4812854630983189,0.4593479300018844,0.5031344818937082,0.4359665111791835,1454,128
confirmation,pooled_reject,0.25,0.5,coverage_proxy,0.5194287294929238,0.49875996261642436,0.5405224793060112,0.4359665111791835,1454,128
confirmation,pooled_reject,0.25,0.5,alignment_residual,0.2484181859586556,0.2287995438743622,0.2682791521877767,0.4359665111791835,1454,128
confirmation,pooled_reject,0.25,0.5,alignment_proxy,0.23776404603169815,0.21937779338173913,0.2561086194045063,0.4359665111791835,1454,128
confirmation,pooled_reject,0.25,0.5,coverage_gap,-0.03814326639460497,-0.052404860328116885,-0.0253810581481364,0.4359665111791835,1454,128
confirmation,pooled_reject,0.25,0.5,alignment_gap,0.010654139926957462,0.002640549347894814,0.017512017163186316,0.4359665111791835,1454,128
confirmation,pooled_reject,0.5,0.75,coverage_residual,0.5077513131984747,0.47290588753564744,0.5420741849018929,0.31378297066152067,805,124
confirmation,pooled_reject,0.5,0.75,coverage_proxy,0.5465960334062849,0.5172413435781511,0.5777195348263233,0.31378297066152067,805,124
confirmation,pooled_reject,0.5,0.75,alignment_residual,0.27320447303869794,0.24122946952767774,0.3068630357290095,0.31378297066152067,805,124
confirmation,pooled_reject,0.5,0.75,alignment_proxy,0.2550532609714136,0.22491719867843124,0.28723468999732193,0.31378297066152067,805,124
confirmation,pooled_reject,0.5,0.75,coverage_gap,-0.03884472020781027,-0.058441849423008445,-0.021045618735392038,0.31378297066152067,805,124
confirmation,pooled_reject,0.5,0.75,alignment_gap,0.018151212067284317,0.011714888851640182,0.024610742617766704,0.31378297066152067,805,124
confirmation,pooled_reject,0.75,1.0,coverage_residual,0.6564404696935762,0.5912396311701329,0.7182891562954025,0.10973083060581294,315,96
confirmation,pooled_reject,0.75,1.0,coverage_proxy,0.6758799565288386,0.6147998125944818,0.7328284939683155,0.10973083060581294,315,96
confirmation,pooled_reject,0.75,1.0,alignment_residual,0.42881794237731247,0.363160358464527,0.49598653059864284,0.10973083060581294,315,96
confirmation,pooled_reject,0.75,1.0,alignment_proxy,0.4090538214596828,0.34496048901369897,0.4732164964721194,0.10973083060581294,315,96
confirmation,pooled_reject,0.75,1.0,coverage_gap,-0.01943948683526242,-0.04484034271702122,-0.0005032314952027828,0.10973083060581294,315,96
confirmation,pooled_reject,0.75,1.0,alignment_gap,0.01976412091762969,0.003365552087109304,0.035903978453305826,0.10973083060581294,315,96
confirmation,step_normalized,0.0,0.25,coverage_residual,0.48054326929656643,0.45122981766926396,0.5103794650383007,0.24325087065879308,1452,128
confirmation,step_normalized,0.0,0.25,coverage_proxy,0.644957435804912,0.6199188454398591,0.6705282883120244,0.24325087065879308,1452,128
confirmation,step_normalized,0.0,0.25,alignment_residual,0.2756197132353276,0.2494386918792036,0.30512942073728067,0.24325087065879308,1452,128
confirmation,step_normalized,0.0,0.25,alignment_proxy,0.3320787001644885,0.3062642097802455,0.36034400480713624,0.24325087065879308,1452,128
confirmation,step_normalized,0.0,0.25,coverage_gap,-0.16441416650834562,-0.1893289485509291,-0.14082254613054182,0.24325087065879308,1452,128
confirmation,step_normalized,0.0,0.25,alignment_gap,-0.056458986929160904,-0.07255768205979668,-0.04065384382291363,0.24325087065879308,1452,128
confirmation,step_normalized,0.25,0.5,coverage_residual,0.4746895794889771,0.45372238839735946,0.49602325209710585,0.4126699656235737,1454,128
confirmation,step_normalized,0.25,0.5,coverage_proxy,0.515738037805785,0.49458074136455765,0.5364767763078719,0.4126699656235737,1454,128
confirmation,step_normalized,0.25,0.5,alignment_residual,0.24382713228845904,0.22480062902039727,0.263219352894753,0.4126699656235737,1454,128
confirmation,step_normalized,0.25,0.5,alignment_proxy,0.23435765860266292,0.21646422000992163,0.2527682263073583,0.4126699656235737,1454,128
confirmation,step_normalized,0.25,0.5,coverage_gap,-0.04104845831680787,-0.05640258479399618,-0.02696575568443797,0.4126699656235737,1454,128
confirmation,step_normalized,0.25,0.5,alignment_gap,0.00946947368579612,0.0013513766148553065,0.01645275774879447,0.4126699656235737,1454,128
confirmation,step_normalized,0.5,0.75,coverage_residual,0.5094048001047109,0.4754986471680087,0.5431478048811637,0.2600777422924447,805,124
confirmation,step_normalized,0.5,0.75,coverage_proxy,0.5450603680206108,0.5159714832814838,0.5751437023341119,0.2600777422924447,805,124
confirmation,step_normalized,0.5,0.75,alignment_residual,0.2728397987824795,0.24167765525892806,0.305813697866037,0.2600777422924447,805,124
confirmation,step_normalized,0.5,0.75,alignment_proxy,0.25349602239658264,0.22447729260297958,0.28435315108809406,0.2600777422924447,805,124
confirmation,step_normalized,0.5,0.75,coverage_gap,-0.035655567915899855,-0.05400164696211056,-0.019072410932597355,0.2600777422924447,805,124
confirmation,step_normalized,0.5,0.75,alignment_gap,0.01934377638589685,0.012950052101241514,0.025884710522157378,0.2600777422924447,805,124
confirmation,step_normalized,0.75,1.0,coverage_residual,0.6591501489033846,0.5951271380479191,0.7202999444771463,0.08400142142518847,315,96
confirmation,step_normalized,0.75,1.0,coverage_proxy,0.6785684053409687,0.6183473719744896,0.734601913790236,0.08400142142518847,315,96
confirmation,step_normalized,0.75,1.0,alignment_residual,0.42980835847037807,0.3645792960562362,0.49604979663232235,0.08400142142518847,315,96
confirmation,step_normalized,0.75,1.0,alignment_proxy,0.4082659060162851,0.3452586645008742,0.4719195438109017,0.08400142142518847,315,96
confirmation,step_normalized,0.75,1.0,coverage_gap,-0.019418256437584103,-0.044674301643494674,-0.0005355528192312254,0.08400142142518847,315,96
confirmation,step_normalized,0.75,1.0,alignment_gap,0.021542452454092975,0.004244182074019657,0.0387192527147602,0.08400142142518847,315,96
