T,policy,coverage,low,high
1.0,residual__fixed3,0.568497259196817,0.5506425100550586,0.586866921449369
1.0,residual__topm__original,0.617616916635068,0.6008272346924106,0.634417469133471
1.0,residual__topm__expected_rejection,0.6030851751697732,0.5854822840873517,0.6205846369648429
1.0,residual__topm__expected_mix0.25,0.6265527933579029,0.6100208487795588,0.6431660439293463
1.0,residual__full__original,0.6185595003765714,0.6018312032585308,0.6354577655906756
1.0,residual__full__expected_rejection,0.6080495704334224,0.5908687538065122,0.62549880211063
1.0,residual__full__expected_mix0.25,0.6286799850919719,0.6121535117636389,0.6453481212979907
1.0,proxy__fixed3,0.59405291476779,0.5757657438280881,0.6134516021103757
1.0,proxy__topm__original,0.6503938159762153,0.6317290101521471,0.6699469624721393
1.0,proxy__topm__expected_rejection,0.6367298667934281,0.6173351145416193,0.6570248193892616
1.0,proxy__topm__expected_mix0.25,0.6665101291539203,0.6483775386739608,0.6859208734730727
1.0,proxy__full__original,0.6545179585364338,0.6358512582267959,0.6746229510483864
1.0,proxy__full__expected_rejection,0.6430067063459992,0.6238955966997227,0.662769012351343
1.0,proxy__full__expected_mix0.25,0.6668644881542436,0.649073921551718,0.685740653408641
1.0,complement_power1__fixed3,0.593254601689731,0.5752981009107636,0.6121048209450582
1.0,complement_power1__topm__original,0.6504473006871103,0.631999282839875,0.6698267042627765
1.0,complement_power1__topm__expected_rejection,0.6392886035373263,0.6198483988703948,0.6595291125011344
1.0,complement_power1__topm__expected_mix0.25,0.6679866498568426,0.6500167520130479,0.6872783191913354
1.0,complement_power1__full__original,0.65421274328839,0.6359834142231288,0.6735207990098311
1.0,complement_power1__full__expected_rejection,0.6452930469171394,0.6262944105336574,0.6650517376625263
1.0,complement_power1__full__expected_mix0.25,0.6688531469964284,0.6512472293403235,0.6874925980779626
0.7,residual__fixed3,0.7514268588970547,0.7290718721204039,0.7739976664824004
0.7,residual__topm__original,0.7827512686664452,0.7605006917778533,0.8058400976699645
0.7,residual__topm__expected_rejection,0.781064810666612,0.7603335050367077,0.8024096283777498
0.7,residual__topm__expected_mix0.25,0.7935787444471164,0.7726871705937186,0.8155999259007385
0.7,residual__full__original,0.782860917770864,0.7605525882289984,0.8060337005247282
0.7,residual__full__expected_rejection,0.7824093284592495,0.7615156023823585,0.8035217558861317
0.7,residual__full__expected_mix0.25,0.7936710439699772,0.7727777649428373,0.8156032411029605
0.7,proxy__fixed3,0.7904723048935444,0.7717330987213795,0.809005464899522
0.7,proxy__topm__original,0.8204242470815123,0.8028184407312164,0.8377900515622677
0.7,proxy__topm__expected_rejection,0.8295539097283428,0.8133623470752274,0.8459983375862872
0.7,proxy__topm__expected_mix0.25,0.8438724708723536,0.8272257747474112,0.8602978439796173
0.7,proxy__full__original,0.8210375147054336,0.8034386623195523,0.8383713640390791
0.7,proxy__full__expected_rejection,0.8306575637315635,0.8143132934640419,0.8471084382298575
0.7,proxy__full__expected_mix0.25,0.8443924417357033,0.8276917551731983,0.8607870053259808
0.7,complement_power1__fixed3,0.7906367590422024,0.771653207577207,0.8093741365189989
0.7,complement_power1__topm__original,0.8204101909774209,0.8029966104778504,0.8377743500745264
0.7,complement_power1__topm__expected_rejection,0.8315341391554032,0.8144479115206203,0.8486371692704866
0.7,complement_power1__topm__expected_mix0.25,0.844228354716673,0.8270748849229341,0.8607749361234202
0.7,complement_power1__full__original,0.8207846661313455,0.803162754977985,0.8381051947512206
0.7,complement_power1__full__expected_rejection,0.8321653506503468,0.8150407381058629,0.8491918975847302
0.7,complement_power1__full__expected_mix0.25,0.8443047116286679,0.8269876469033083,0.8608853516520967
0.5,residual__fixed3,0.8227135133469062,0.8013139708611761,0.8431677591048707
0.5,residual__topm__original,0.8509982782557137,0.8307018363993496,0.8706596069195943
0.5,residual__topm__expected_rejection,0.8604534849153122,0.8432316886294488,0.8773399243824659
0.5,residual__topm__expected_mix0.25,0.8653147706686056,0.8477865546997088,0.8826110513737109
0.5,residual__full__original,0.8509952429249955,0.8307022334118764,0.8706488012772304
0.5,residual__full__expected_rejection,0.8614723112876852,0.8442656608848091,0.8782186850105981
0.5,residual__full__expected_mix0.25,0.8655576173299835,0.848034478404928,0.8826759842044719
0.5,proxy__fixed3,0.8583449694806994,0.8394364324082375,0.8761792658948718
0.5,proxy__topm__original,0.8893086995379208,0.8710607408800688,0.906438415730675
0.5,proxy__topm__expected_rejection,0.9084015582454892,0.8967510637752957,0.9197502646929582
0.5,proxy__topm__expected_mix0.25,0.9126486504917339,0.8992424186062559,0.9253146774019624
0.5,proxy__full__original,0.889344969460033,0.8710881895520003,0.9064641777564427
0.5,proxy__full__expected_rejection,0.9073403820266351,0.8954439519291619,0.9189353991268162
0.5,proxy__full__expected_mix0.25,0.9126951903248186,0.8993099526512781,0.9253564933541807
0.5,complement_power1__fixed3,0.8584130148037509,0.8389235745297509,0.8765449430427671
0.5,complement_power1__topm__original,0.8878481010967516,0.8689627260329914,0.9053265839602342
0.5,complement_power1__topm__expected_rejection,0.9061544909537532,0.8940119145742692,0.9181213307954105
0.5,complement_power1__topm__expected_mix0.25,0.9140396996830346,0.9007254585138067,0.9265971029877728
0.5,complement_power1__full__original,0.887907368108962,0.8690299233387914,0.9054101199912186
0.5,complement_power1__full__expected_rejection,0.9073553848620626,0.8952568390876253,0.9192455311793861
0.5,complement_power1__full__expected_mix0.25,0.9140730376996289,0.9007245195267928,0.9265998373545191
