file,mode,foreign_gpu_processes,profiled,batch,temperature,seed,n_prompts,truncated,k1,k2,dfo,output_tokens,wall_s,end_to_end_tps,decode_tps,al_including_recovery,accepted_draft_tokens,cache_hit,phase1_hit,phase2_hit,tree_verify_events,verify_events,decode_tps_reported,target_peak_allocated_gib,target_peak_reserved_gib,mean_live_batch,sequence_padding_fraction,any_miss_step_fraction,mixed_step_fraction
results/mlsys_coverage/screen/llama3_replica.json,duet-chain,[],False,8,0.7,0,48,13,4,2,2,3085,6.227529644034803,495.3810220646714,614.6643122110613,2.4834123222748814,1.4834123222748816,0.7677725118483413,0.47393364928909953,0.2938388625592417,0,1266,626.4196426552924,18.57741689682007,18.9921875,7.275862068965517,0.20515267175572516,0.8505747126436781,0.8275862068965517
results/mlsys_coverage/screen/llama3_k44d2.json,duet-chain,[],False,8,0.7,0,48,13,4,4,2,3462,7.839994352078065,441.58195076790633,520.9262885491477,2.653353428786737,1.653353428786737,0.7294649585531273,0.4740015071590053,0.2554634513941221,0,1327,529.8040040385756,18.614582538604736,18.91796875,7.172972972972973,0.0,0.827027027027027,0.8108108108108109
results/mlsys_coverage/screen/llama2_ar.json,ar,[],False,8,0.7,0,48,13,4,2,2,4109,10.82212993199937,379.68496274012756,425.7754221105575,,,,,,0,0,425.7754221105575,17.341376304626465,17.466796875,,,,
results/mlsys_coverage/screen/llama2_profile_graph.json,duet-chain,[],True,8,0.7,0,48,13,4,2,2,4258,8.149280325043947,522.5001264117194,610.5756274473068,2.1151960784313726,1.1151960784313726,0.7946078431372549,0.39362745098039215,0.40098039215686276,0,2040,618.7491386648963,17.188127517700195,17.439453125,7.311827956989247,0.23322747121873755,0.7956989247311828,0.7813620071684588
results/mlsys_coverage/screen/llama2_graph.json,duet-chain,[],False,8,0.7,0,48,13,4,2,2,4258,7.950756818987429,535.546501665269,627.6725533685532,2.1151960784313726,1.1151960784313726,0.7946078431372549,0.39362745098039215,0.40098039215686276,0,2040,636.0749337213027,17.188127517700195,17.439453125,7.311827956989247,0.23322747121873755,0.7956989247311828,0.7813620071684588
results/mlsys_coverage/screen/llama3_k33d3.json,duet-chain,[],False,8,0.7,0,48,13,3,3,3,3416,7.336634338833392,465.60859410954134,552.8212248870576,2.372093023255814,1.372093023255814,0.7681258549931601,0.5294117647058824,0.2387140902872777,0,1462,561.2365362729262,18.542824268341064,18.78125,7.31,0.0,0.83,0.825
results/mlsys_coverage/screen/llama3_eager.json,duet-chain,[],False,8,0.7,0,48,13,4,2,2,3085,6.266420878935605,492.30654301726514,609.2158076594843,2.4834123222748814,1.4834123222748816,0.7677725118483413,0.47393364928909953,0.2938388625592417,0,1266,620.8669365579964,18.52192449569702,18.70703125,7.275862068965517,0.20515267175572516,0.8505747126436781,0.8275862068965517
results/mlsys_coverage/screen/llama3_graph.json,duet-chain,[],False,8,0.7,0,48,13,4,2,2,3085,6.316110057057813,488.43354091854803,604.1840545977955,2.4834123222748814,1.4834123222748816,0.7677725118483413,0.47393364928909953,0.2938388625592417,0,1266,615.7389522384017,18.56948232650757,18.962890625,7.275862068965517,0.20515267175572516,0.8505747126436781,0.8275862068965517
results/mlsys_coverage/screen/llama3_profile_graph.json,duet-chain,[],True,8,0.7,0,48,13,4,2,2,3085,6.376835712930188,483.7822611212336,597.0777733923734,2.4834123222748814,1.4834123222748816,0.7677725118483413,0.47393364928909953,0.2938388625592417,0,1266,608.4967648446101,18.56948232650757,18.962890625,7.275862068965517,0.20515267175572516,0.8505747126436781,0.8275862068965517
results/mlsys_coverage/screen/llama3_ssd4.json,ssd,[],False,8,0.7,0,48,13,4,2,2,3436,6.959920851979405,493.6837750134472,595.1899057044437,2.5854922279792745,1.5854922279792747,0.5062916358253146,0.0,0.0,0,1351,605.0635450016362,18.46654510498047,18.578125,7.263440860215054,0.0,0.967741935483871,0.9247311827956989
results/mlsys_coverage/screen/llama2_eager.json,duet-chain,[],False,8,0.7,0,48,13,4,2,2,4258,8.154979201965034,522.1349919536259,610.3642363247023,2.1151960784313726,1.1151960784313726,0.7946078431372549,0.39362745098039215,0.40098039215686276,0,2040,618.5349177409795,17.17734718322754,17.349609375,7.311827956989247,0.23322747121873755,0.7956989247311828,0.7813620071684588
results/mlsys_coverage/screen/llama2_profile_eager.json,duet-chain,[],True,8,0.7,0,48,13,4,2,2,4258,8.08408677414991,526.713792040877,616.2813845980996,2.1151960784313726,1.1151960784313726,0.7946078431372549,0.39362745098039215,0.40098039215686276,0,2040,624.5312763130107,17.17734718322754,17.349609375,7.311827956989247,0.23322747121873755,0.7956989247311828,0.7813620071684588
results/mlsys_coverage/screen/llama3_profile_eager.json,duet-chain,[],True,8,0.7,0,48,13,4,2,2,3085,6.3155444781295955,488.4772818374086,604.341407164097,2.4834123222748814,1.4834123222748816,0.7677725118483413,0.47393364928909953,0.2938388625592417,0,1266,615.8993141406551,18.52192449569702,18.70703125,7.275862068965517,0.20515267175572516,0.8505747126436781,0.8275862068965517
results/mlsys_coverage/screen/llama2_k22d4.json,duet-chain,[],False,8,0.7,0,48,13,2,2,4,4488,9.135296478169039,491.281263911373,570.6824504441545,1.839430894308943,0.8394308943089431,0.8016260162601626,0.5056910569105691,0.2959349593495935,0,2460,575.3872745676914,17.127119064331055,17.234375,7.365269461077844,0.0,0.7395209580838323,0.7215568862275449
results/mlsys_coverage/screen/llama2_k33d3.json,duet-chain,[],False,8,0.7,0,48,13,3,3,3,4229,8.200255471048877,515.715640193229,603.8124143716826,1.982830626450116,0.982830626450116,0.8051044083526682,0.4259860788863109,0.3791183294663573,0,2155,610.0946906148498,17.129598140716553,17.251953125,7.482638888888889,0.0,0.7881944444444444,0.7743055555555556
results/mlsys_coverage/screen/llama2_replica.json,duet-chain,[],False,8,0.7,0,48,13,4,2,2,4258,8.183925359975547,520.2882251131286,606.9541586250878,2.1151960784313726,1.1151960784313726,0.7946078431372549,0.39362745098039215,0.40098039215686276,0,2040,615.0791908095945,17.196062088012695,17.4609375,7.311827956989247,0.23322747121873755,0.7956989247311828,0.7813620071684588
results/mlsys_coverage/screen/llama2_ssd2.json,ssd,[],False,8,0.7,0,48,13,2,2,2,4388,8.68178159208037,505.42621390093353,582.7854560530518,1.8078656288406392,0.8078656288406391,0.4584186808684965,0.0,0.0,0,2441,586.1057925164353,17.172388553619385,17.267578125,7.510769230769231,0.0,0.9661538461538461,0.9292307692307692
results/mlsys_coverage/screen/llama3_k22d4.json,duet-chain,[],False,8,0.7,0,48,13,2,2,4,3486,7.819549462059513,445.8057356007641,526.9413002384298,2.0996420047732696,1.0996420047732698,0.7911694510739857,0.6366348448687351,0.15453460620525059,0,1676,531.9295569532514,18.5140061378479,18.69921875,7.071729957805907,0.0,0.7510548523206751,0.7257383966244726
results/mlsys_coverage/screen/llama2_k44d2.json,duet-chain,[],False,8,0.7,0,48,13,4,4,2,4295,8.090139125008136,530.893218723934,624.0751757914937,2.1651696606786426,1.1651696606786428,0.8073852295409182,0.35528942115768464,0.45209580838323354,0,2004,630.4684954037931,17.184046745300293,17.37890625,7.449814126394052,0.0,0.758364312267658,0.7509293680297398
results/mlsys_coverage/screen/llama3_ssd2.json,ssd,[],False,8,0.7,0,48,13,2,2,2,3757,7.530098011018708,498.93108887858085,590.8993681418632,2.151446398184912,1.1514463981849121,0.6012478729438457,0.0,0.0,0,1763,596.561432888498,18.508753299713135,18.61328125,7.502127659574468,0.0,0.948936170212766,0.9276595744680851
results/mlsys_coverage/screen/llama2_ssd4.json,ssd,[],False,8,0.7,0,48,13,4,2,2,4232,7.604763509007171,556.4933077784167,658.1026383866684,2.2858666666666667,1.2858666666666667,0.41386666666666666,0.0,0.0,0,1875,666.4999782904681,17.17346429824829,17.263671875,7.32421875,0.0,0.95703125,0.8828125
results/mlsys_coverage/screen/llama3_ar.json,ar,[],False,8,0.7,0,48,13,4,2,2,3015,8.094349228776991,372.48207543122635,416.95313401517416,,,,,,0,0,416.95313401517416,18.84460163116455,18.96484375,,,,
results/mlsys_coverage/tune/llama2_k41.json,duet-chain,[],False,8,0.7,0,48,13,4,1,2,4400,8.325654686894268,528.4869677487596,618.5710465871746,1.936438833260775,0.9364388332607749,0.8358728776665215,0.4244666956900305,0.4114061819764911,0,2297,625.3190943681257,17.134155750274658,17.283203125,7.433656957928803,0.326133715719663,0.7152103559870551,0.7119741100323624
results/mlsys_coverage/tune/llama3_reference.json,duet-chain,[],False,8,0.7,0,48,13,4,2,2,3085,6.433842251077294,479.4957475812283,595.8543180488692,2.4834123222748814,1.4834123222748816,0.7677725118483413,0.47393364928909953,0.2938388625592417,0,1266,607.2499111655251,18.56948232650757,18.962890625,7.275862068965517,0.20515267175572516,0.8505747126436781,0.8275862068965517
results/mlsys_coverage/tune/llama3_fast.json,duet-chain,[],False,8,0.7,0,48,13,4,2,2,3085,6.248027940047905,493.7557945645721,614.0545824599205,2.4834123222748814,1.4834123222748816,0.7677725118483413,0.47393364928909953,0.2938388625592417,0,1266,625.7982519461881,18.56948232650757,18.9296875,7.275862068965517,0.20515267175572516,0.8505747126436781,0.8275862068965517
results/mlsys_coverage/tune/llama2_reference.json,duet-chain,[],False,8,0.7,0,48,13,4,2,2,4258,7.986605030018836,533.1426787722289,625.1539801827994,2.1151960784313726,1.1151960784313726,0.7946078431372549,0.39362745098039215,0.40098039215686276,0,2040,633.5226454882055,17.188127517700195,17.439453125,7.311827956989247,0.23322747121873755,0.7956989247311828,0.7813620071684588
results/mlsys_coverage/tune/llama3_k41.json,duet-chain,[],False,8,0.7,0,48,13,4,1,2,3769,7.13540565688163,528.2110339956702,638.3106117285768,2.307320024198427,1.307320024198427,0.7840290381125227,0.49788263762855417,0.28614640048396855,0,1653,645.9317254265832,18.559255599975586,18.896484375,7.513636363636364,0.29744525547445255,0.8227272727272728,0.8090909090909091
results/mlsys_coverage/tune/llama3_subset.json,duet-chain,[],False,8,0.7,0,48,13,4,2,2,3383,6.752612732117996,500.99126578208234,610.8003334795701,2.509502923976608,1.5095029239766082,0.7514619883040936,0.4853801169590643,0.26608187134502925,0,1368,619.8278288014674,18.56948232650757,18.9765625,6.909090909090909,0.20023557126030622,0.7676767676767676,0.7222222222222222
results/mlsys_coverage/tune/llama2_k32.json,duet-chain,[],False,8,0.7,0,48,13,3,2,2,4093,8.144454531138763,502.55053722151655,592.0375985714568,1.971414959504526,0.9714149595045259,0.7846593616007622,0.3920914721295855,0.39256788947117677,0,2099,598.5466852891982,17.186161518096924,17.376953125,7.139455782312925,0.1437161755862898,0.7721088435374149,0.7482993197278912
results/mlsys_coverage/tune/llama2_exit26.json,duet-chain,[],False,8,0.7,0,48,13,4,2,2,4475,8.370137645862997,534.6387585647176,620.3026934809733,1.9631556133506718,0.9631556133506719,0.8521889900303424,0.37017771998266147,0.48201127004768096,0,2307,627.7879103408554,17.188127517700195,17.4375,7.3706070287539935,0.23454271267630622,0.6741214057507987,0.65814696485623
results/mlsys_coverage/tune/llama2_d1.json,duet-chain,[],False,8,0.7,0,48,13,4,2,1,4245,8.061250717146322,526.5932234275834,618.2883126807085,1.9902597402597402,0.9902597402597403,0.788961038961039,0.2857142857142857,0.5032467532467533,0,2156,624.988256705046,17.18056583404541,17.384765625,7.3583617747440275,0.25546315993038093,0.78839590443686,0.7747440273037542
results/mlsys_coverage/tune/llama2_fast.json,duet-chain,[],False,8,0.7,0,48,13,4,2,2,4258,7.769514909014106,548.0393627998468,644.5587940352498,2.1151960784313726,1.1151960784313726,0.7946078431372549,0.39362745098039215,0.40098039215686276,0,2040,653.1872231709964,17.188127517700195,17.4375,7.311827956989247,0.23322747121873755,0.7956989247311828,0.7813620071684588
results/mlsys_coverage/tune/llama3_d1.json,duet-chain,[],False,8,0.7,0,48,13,4,2,1,3504,6.434594093821943,544.5564939930401,669.421341277836,2.5105782792665727,1.5105782792665727,0.7334273624823695,0.3991537376586742,0.3342736248236953,0,1418,680.119855864468,18.569475650787354,18.9296875,7.706521739130435,0.22703788748564868,0.8967391304347826,0.8913043478260869
results/mlsys_coverage/tune/llama2_subset.json,duet-chain,[],False,8,0.7,0,48,13,4,2,2,4358,7.996880864026025,544.9624765081179,635.4378333460108,1.9931972789115646,0.9931972789115646,0.8172335600907029,0.36643990929705217,0.4507936507936508,0,2205,640.8327851206328,17.13660430908203,17.322265625,7.449324324324325,0.23311282959098112,0.7398648648648649,0.7364864864864865
results/mlsys_coverage/tune/llama3_exit26.json,duet-chain,[],False,8,0.7,0,48,13,4,2,2,3680,7.057792064035311,521.4095239150402,628.5590584895964,2.540190735694823,1.5401907356948228,0.8256130790190735,0.5006811989100818,0.3249318801089918,0,1468,636.928458996659,18.56948232650757,18.97265625,7.303482587064677,0.19622331691297212,0.6865671641791045,0.681592039800995
results/mlsys_coverage/tune/llama3_k32.json,duet-chain,[],False,8,0.7,0,48,13,3,2,2,3628,7.110450098989531,510.2349288008612,606.2017201347563,2.3360811667723524,1.3360811667723527,0.761572606214331,0.50285351934052,0.258719086873811,0,1577,615.5587477884351,18.56003427505493,18.978515625,7.267281105990784,0.12219926902907996,0.7880184331797235,0.7603686635944701
results/mlsys_coverage/refine/llama2_d6.json,duet-chain,[],False,8,0.7,0,48,13,4,2,6,4319,7.8839525720104575,547.8216618569318,645.3105697446521,2.091998083373263,1.091998083373263,0.8342117872544322,0.5371346430282703,0.29707714422616194,0,2087,652.3329352871384,17.136618614196777,17.322265625,7.246527777777778,0.180433734939759,0.7152777777777778,0.7013888888888888
results/mlsys_coverage/refine/llama3_d1exit26.json,duet-chain,[],False,8,0.7,0,48,13,4,2,1,3563,7.070991310058162,503.8897438513035,604.6507842831379,2.4559023066485755,1.4559023066485752,0.8147896879240163,0.37720488466757124,0.43758480325644505,0,1474,614.323839209924,18.569475650787354,18.93359375,7.120772946859903,0.2396262709535587,0.7391304347826086,0.7246376811594203
results/mlsys_coverage/refine/llama2_d4.json,duet-chain,[],False,8,0.7,0,48,13,4,2,4,4392,7.912697009043768,555.057269977631,653.7824247178198,2.0186363636363636,1.0186363636363636,0.8254545454545454,0.465,0.36045454545454547,0,2200,661.0764453943164,17.136608123779297,17.3203125,7.612456747404845,0.20838674235488008,0.7439446366782007,0.7370242214532872
results/mlsys_coverage/refine/llama2_d4k44.json,duet-chain,[],False,8,0.7,0,48,13,4,4,4,4133,7.7352888360619545,534.3045473275586,627.1625831912559,2.0993975903614457,1.0993975903614457,0.8298192771084337,0.45481927710843373,0.375,0,1992,634.5980940977091,17.184049606323242,17.421875,7.488721804511278,0.0,0.7142857142857143,0.7105263157894737
results/mlsys_coverage/refine/llama2_d4exit26.json,duet-chain,[],False,8,0.7,0,48,13,4,2,4,4346,8.045067312195897,540.2067914847268,634.1906048341332,2.046003717472119,1.046003717472119,0.8573420074349443,0.4721189591078067,0.38522304832713755,0,2152,642.508337111065,17.18813133239746,17.388671875,7.27027027027027,0.2050945870013111,0.6418918918918919,0.6283783783783784
results/mlsys_coverage/baselines/llama3_ssd3f2.json,ssd,[],False,8,0.7,0,48,13,3,2,1,3501,6.371401329059154,549.4866543773319,673.4640127721932,2.5704989154013016,1.5704989154013016,0.514822848879248,0.0,0.0,0,1383,683.8516325064686,18.51085138320923,18.587890625,7.5989010989010985,0.0,0.9835164835164835,0.978021978021978
results/mlsys_coverage/baselines/llama3_ssd4f2.json,ssd,[],False,8,0.7,0,48,13,4,2,1,3526,6.47740929806605,544.3534347988095,664.0606835404402,2.7261632341723874,1.7261632341723876,0.4836003051106026,0.0,0.0,0,1311,673.1006474683873,18.51388168334961,18.61328125,7.5344827586206895,0.0,0.9827586206896551,0.9482758620689655
results/mlsys_coverage/baselines/llama3_ssd2f2.json,ssd,[],False,8,0.7,0,48,13,2,2,1,3341,6.884186764946207,485.31513075910954,586.903024793808,2.1815245478036176,1.1815245478036176,0.5368217054263565,0.0,0.0,0,1548,593.2270322444447,18.508753299713135,18.65625,7.10091743119266,0.0,0.9495412844036697,0.908256880733945
results/mlsys_coverage/baselines_remaining/llama3_sd2.json,sd,[],False,8,0.7,0,48,13,2,2,2,3172,6.998380649136379,453.2477095814207,584.5242762654887,2.1485943775100402,,,,,0,0,591.5267739004472,22.246912002563477,22.412109375,,,,
results/mlsys_coverage/baselines_remaining/llama2_sd2.json,sd,[],False,8,0.7,0,48,13,2,2,2,4433,8.4890360198915,522.202990965358,626.8872492257902,1.806320907617504,,,,,0,0,630.4225935142281,21.67102861404419,21.7734375,,,,
results/mlsys_coverage/baselines_remaining/llama2_ssd4f2.json,ssd,[],False,8,0.7,0,48,13,4,2,1,4129,7.509292491944507,549.8520672126342,660.1223795519852,2.239444147514698,1.239444147514698,0.3639764831640834,0.0,0.0,0,1871,669.8747324589049,17.161681652069092,17.275390625,7.4541832669322705,0.0,0.9920318725099602,0.9243027888446215
results/mlsys_coverage/baselines_remaining/llama2_ssd2f2.json,ssd,[],False,8,0.7,0,48,13,2,2,1,4312,8.412831402849406,512.5503880345844,596.3603107730544,1.8105965790571548,0.8105965790571548,0.4192740926157697,0.0,0.0,0,2397,600.2327803235288,17.12086534500122,17.201171875,7.444099378881988,0.0,0.9782608695652174,0.9440993788819876
results/mlsys_coverage/baselines_remaining/llama2_ssd3f2.json,ssd,[],False,8,0.7,0,48,13,3,2,1,4062,7.200910369167104,564.09534236014,671.71579685064,2.079067410035479,1.079067410035479,0.3933096806893056,0.0,0.0,0,1973,678.3304280357768,17.121403217315674,17.197265625,7.361940298507463,0.0,0.9589552238805971,0.9104477611940298
