model,policy,category,questions,al_clean,reference_al_clean,relative_pct,delta_ci95
llama2,reach_gain_frontier,math_reasoning,80,2.104110962566845,2.076725521669342,1.3186836975687344,"[-0.02867079897148792, 0.08256582401732174]"
llama2,reach_gain_frontier,mt_bench,80,2.179338454303182,2.123072129615205,2.650231421867666,"[-0.015381750200077603, 0.1243646310676733]"
llama2,reach_gain_frontier,qa,80,2.2112654320987652,2.1771393455215855,1.5674736964989222,"[-0.023914244895796178, 0.0888835553618049]"
llama2,reach_gain_frontier,rag,80,2.5222940776038123,2.504040404040404,0.7289688111244086,"[-0.03729838248906035, 0.07176928720871151]"
llama2,reach_gain_frontier,summarization,80,1.4069606486058928,1.4153265832837005,-0.5910957072817746,"[-0.04145073040944205, 0.02301591329622494]"
llama2,reach_gain_frontier,translation,80,1.991763227697892,2.0133427963094395,-1.0718278403014092,"[-0.09125895553055166, 0.04650842416045087]"
llama2,dense_reach,math_reasoning,80,2.101743211532015,2.076725521669342,1.204670025076915,"[-0.022528157186387798, 0.07508510651352589]"
llama2,dense_reach,mt_bench,80,2.107590161460691,2.123072129615205,-0.7292247841489852,"[-0.0853946800805578, 0.05136924593558383]"
llama2,dense_reach,qa,80,2.1835001516530177,2.1771393455215855,0.2921634825311603,"[-0.049400425777646785, 0.05967071634925398]"
llama2,dense_reach,rag,80,2.491260504201681,2.504040404040404,-0.5103711512842279,"[-0.06984658443731465, 0.04999002024976684]"
llama2,dense_reach,summarization,80,1.4126617838868265,1.4153265832837005,-0.18828159015366053,"[-0.033145803960117674, 0.026720378749182393]"
llama2,dense_reach,translation,80,1.999858216361832,2.0133427963094395,-0.6697607567039965,"[-0.0750783123526909, 0.04582835558515633]"
llama2,dense_reach_gain_frontier,math_reasoning,80,2.0989376882828603,2.076725521669342,1.0695764260489904,"[-0.0210925003243834, 0.06710400613639705]"
llama2,dense_reach_gain_frontier,mt_bench,80,2.1399968958559676,2.123072129615205,0.7971828184579977,"[-0.06882544730684785, 0.09275775493844517]"
llama2,dense_reach_gain_frontier,qa,80,2.2555416796753045,2.1771393455215855,3.6011628890449288,"[0.015600527266496779, 0.1337214763521499]"
llama2,dense_reach_gain_frontier,rag,80,2.567179664533979,2.504040404040404,2.521495275862806,"[0.009513565854047201, 0.12003725863901873]"
llama2,dense_reach_gain_frontier,summarization,80,1.3953286362320239,1.4153265832837005,-1.4129563655392863,"[-0.05379326238937392, 0.012553060315931392]"
llama2,dense_reach_gain_frontier,translation,80,2.036006311863434,2.0133427963094395,1.125666011547466,"[-0.04580973313858682, 0.08934182095237735]"
llama2,miss_chain1,math_reasoning,80,2.0846700843393418,2.076725521669342,0.3825523684811927,"[-0.03592061991874762, 0.051884630250853554]"
llama2,miss_chain1,mt_bench,80,2.0639159789947485,2.123072129615205,-2.7863467187607016,"[-0.1302598830701801, 0.006368552270085086]"
llama2,miss_chain1,qa,80,2.1172628766513286,2.1771393455215855,-2.750235945780133,"[-0.12037476584573639, 0.0006858805557024309]"
llama2,miss_chain1,rag,80,2.347619800727503,2.504040404040404,-6.246728409833491,"[-0.20904862632157117, -0.09838457089121162]"
llama2,miss_chain1,summarization,80,1.3955022488755622,1.4153265832837005,-1.40068975191181,"[-0.056408030925557094, 0.013371722597795028]"
llama2,miss_chain1,translation,80,1.9397805212620027,2.0133427963094395,-3.653738210019686,"[-0.14794690222407933, -0.007040090325483754]"
llama2,miss_chain4,math_reasoning,80,2.109477952356817,2.076725521669342,1.5771188992345753,"[-0.01744292870337518, 0.08294695514405952]"
llama2,miss_chain4,mt_bench,80,2.1618677042801555,2.123072129615205,1.8273319179213265,"[-0.0228088471587339, 0.09610241201004802]"
llama2,miss_chain4,qa,80,2.2195804195804194,2.1771393455215855,1.9493963097096279,"[-0.005751779126641732, 0.08603712212376993]"
llama2,miss_chain4,rag,80,2.5774843641417653,2.504040404040404,2.9330181726642923,"[0.015002328437304901, 0.13631540635095662]"
llama2,miss_chain4,summarization,80,1.4185575364667746,1.4153265832837005,0.2282832260225076,"[-0.03239006142603128, 0.03929595626531231]"
llama2,miss_chain4,translation,80,2.0803266518188566,2.0133427963094395,3.3269970534675952,"[-0.012680371791723355, 0.1449386260731388]"
llama2,miss_tree2x2,math_reasoning,80,2.1242194092827003,2.076725521669342,2.2869602707622505,"[-5.3928767966004716e-05, 0.09788556981027285]"
llama2,miss_tree2x2,mt_bench,80,2.173851030110935,2.123072129615205,2.3917652060617245,"[-0.007366087650736763, 0.11020739433680557]"
llama2,miss_tree2x2,qa,80,2.1788914198936977,2.1771393455215855,0.08047598679048473,"[-0.056229032346826656, 0.051690039667403404]"
llama2,miss_tree2x2,rag,80,2.519230769230769,2.504040404040404,0.6066341887237314,"[-0.037294231500253884, 0.06970227086803886]"
llama2,miss_tree2x2,summarization,80,1.4021285060672368,1.4153265832837005,-0.9325110806470471,"[-0.047694423326957704, 0.02153099847093075]"
llama2,miss_tree2x2,translation,80,2.0520094562647753,2.0133427963094395,1.9205204412390042,"[-0.0428961588114508, 0.11964040382744075]"
llama3,reach_gain_frontier,math_reasoning,80,2.5264623955431755,2.478158759981212,1.9491743766379965,"[-0.03133257277595608, 0.13309811413397304]"
llama3,reach_gain_frontier,mt_bench,80,2.495276942893946,2.4631181894383904,1.3056114640965788,"[-0.03579891432556288, 0.10334964902040862]"
llama3,reach_gain_frontier,qa,80,2.3880149812734084,2.3457392197125255,1.8022362079133325,"[-0.05024324952245331, 0.1349673026851923]"
llama3,reach_gain_frontier,rag,80,2.44631093544137,2.4177814029363787,1.1799880861993017,"[-0.028405142468140986, 0.0819743557805546]"
llama3,reach_gain_frontier,summarization,80,2.478176698345653,2.378297161936561,4.199623916120032,"[0.02945911683189989, 0.17070955580749278]"
llama3,reach_gain_frontier,translation,80,2.269540422676954,2.2315752086663116,1.701274232802219,"[-0.0443922159961851, 0.11886425878907621]"
llama3,dense_reach,math_reasoning,80,2.4587225448119163,2.478158759981212,-0.7843006462363578,"[-0.09735722579572484, 0.05785794351900011]"
llama3,dense_reach,mt_bench,80,2.50929446556823,2.4631181894383904,1.8747080967465912,"[-0.025291002052044476, 0.11485068954811635]"
llama3,dense_reach,qa,80,2.36766730928119,2.3457392197125255,0.9348050876410552,"[-0.0611399860396589, 0.10776642958060827]"
llama3,dense_reach,rag,80,2.442817179529373,2.4177814029363787,1.0354855307675326,"[-0.03316794640148115, 0.08104112248082358]"
llama3,dense_reach,summarization,80,2.399398395721925,2.378297161936561,0.8872412633323945,"[-0.050358556930185025, 0.08771335887668781]"
llama3,dense_reach,translation,80,2.2377389858686616,2.2315752086663116,0.27620746002254837,"[-0.061789064133403716, 0.08341972625000676]"
llama3,dense_reach_gain_frontier,math_reasoning,80,2.490130103185285,2.478158759981212,0.48307410313630506,"[-0.06817205185358438, 0.09244651075284314]"
llama3,dense_reach_gain_frontier,mt_bench,80,2.5393428447903155,2.4631181894383904,3.0946405933247156,"[0.0022760035164581583, 0.1467024016063889]"
llama3,dense_reach_gain_frontier,qa,80,2.4136034008502127,2.3457392197125255,2.8930829380942047,"[-0.014153484432400576, 0.15781430716198094]"
llama3,dense_reach_gain_frontier,rag,80,2.463260905622823,2.4177814029363787,1.881042787044751,"[-0.014552265178819457, 0.10636698583262684]"
llama3,dense_reach_gain_frontier,summarization,80,2.463435667471542,2.378297161936561,3.5798094072338804,"[0.014651153565877506, 0.14993814706770023]"
llama3,dense_reach_gain_frontier,translation,80,2.2558413178685495,2.2315752086663116,1.0873982247159075,"[-0.05555874217214497, 0.1012035887698361]"
llama3,miss_chain1,math_reasoning,80,2.3212135247799908,2.478158759981212,-6.333138850329789,"[-0.22658720651288536, -0.08439882657492287]"
llama3,miss_chain1,mt_bench,80,2.3293995859213252,2.4631181894383904,-5.428834235013058,"[-0.20405076351279788, -0.06515204096156185]"
llama3,miss_chain1,qa,80,2.2283464566929134,2.3457392197125255,-5.0045103919948435,"[-0.1988117347808659, -0.0324531626986505]"
llama3,miss_chain1,rag,80,2.302275189599133,2.4177814029363787,-4.777363792978306,"[-0.17424983510683853, -0.05846815471970839]"
llama3,miss_chain1,summarization,80,2.2712188895979577,2.378297161936561,-4.502308376444153,"[-0.16677035981158161, -0.055171576404779134]"
llama3,miss_chain1,translation,80,2.142124659509694,2.2315752086663116,-4.008403965469642,"[-0.1733033342602756, -0.005915882017236974]"
llama3,miss_chain4,math_reasoning,80,2.5644810065327848,2.478158759981212,3.483321889846458,"[0.00660446629198318, 0.16606159968292925]"
llama3,miss_chain4,mt_bench,80,2.5005476451259585,2.4631181894383904,1.5195964143361884,"[-0.03691261367065744, 0.10779063219963285]"
llama3,miss_chain4,qa,80,2.431181485992692,2.3457392197125255,3.6424452284443465,"[0.009840826107426471, 0.16696987381547648]"
llama3,miss_chain4,rag,80,2.5086971350613916,2.4177814029363787,3.760295782513512,"[0.0309292642860692, 0.15507155621493932]"
llama3,miss_chain4,summarization,80,2.5032385750269883,2.378297161936561,5.253397897035383,"[0.058711312481735424, 0.18784105302766696]"
llama3,miss_chain4,translation,80,2.3233705437522505,2.2315752086663116,4.113477095885099,"[0.010005626321029248, 0.17488591840039264]"
llama3,miss_tree2x2,math_reasoning,80,2.5381670256042117,2.478158759981212,2.421485927053957,"[-0.029547662156567855, 0.14514257820244705]"
llama3,miss_tree2x2,mt_bench,80,2.441218564710693,2.4631181894383904,-0.8891016607161184,"[-0.09570417952727339, 0.04629623788478641]"
llama3,miss_tree2x2,qa,80,2.368969019807009,2.3457392197125255,0.9902976383423523,"[-0.05687602922334214, 0.1120647749561563]"
llama3,miss_tree2x2,rag,80,2.4280575539568345,2.4177814029363787,0.4250239913325293,"[-0.043183533301551814, 0.061802823976787186]"
llama3,miss_tree2x2,summarization,80,2.3806866226957553,2.378297161936561,0.10046939454986248,"[-0.05779068605400959, 0.05707275039371171]"
llama3,miss_tree2x2,translation,80,2.3215974776668418,2.2315752086663116,4.03402352969906,"[0.013648291180134288, 0.1702849718364224]"
