group,name,questions,cells,verify_events,al,emitted_al,boundary_excluded_al,mean_valid_nodes,miss_rate,p1_hit,p2_hit,tps_mean,al_relative_pct,delta_al_ci95
llama2_b1,legacy_q_path,480,1,14712,1.991231647634584,1.9605764002175095,1.961775413049566,4.552134312126156,0.22784121805328983,0.32028276237085374,0.45187601957585644,89.67325072007897,0.0,"[0.0, 0.0]"
llama2_b1,legacy_reach_gain_frontier,480,1,14589,2.0176845568579065,1.9894441017204743,1.990961728569411,4.700116526149839,0.23058468709301527,0.313523887860717,0.45589142504626773,91.49560039485065,1.3284697064124273,"[-0.013690659154917028, 0.07050134648747655]"
llama2_b1,miss_chain2,480,1,14785,1.9792357118701387,1.9506256340886032,1.95228475898579,4.546499830909706,0.22982752789989855,0.3207304700710179,0.4494420020290835,104.59652491027222,0.0,"[0.0, 0.0]"
llama2_b1,miss_star3,480,1,14703,1.9965313201387471,1.9689859212405632,1.9708520179372198,4.844249472896688,0.22607631095694755,0.32952458681901653,0.4443991022240359,106.67927351101316,0.8738528799213219,"[-0.022154995868659332, 0.055903460049047685]"
llama2_b1,miss_tree2x2,480,1,14597,2.0138384599575256,1.9862985544974996,1.9915290131300296,4.987052134000137,0.23580187709803385,0.3147907104199493,0.4494074124820169,106.63319627419408,1.7482883862625753,"[-0.007163567833786915, 0.07642300446420541]"
llama2_b1,q_path,480,1,14785,1.9792357118701387,1.9506256340886032,1.95228475898579,4.546499830909706,0.22982752789989855,0.3207304700710179,0.4494420020290835,103.85237448946178,0.0,"[0.0, 0.0]"
llama2_b1,miss_chain1,480,1,15094,1.9489863521929243,1.921094474625679,1.9203739082969433,4.414866834503776,0.22684510401484034,0.3357625546574798,0.43739234132767985,103.57473890186174,-1.5283353819759316,"[-0.07062164029399151, 0.008702116969252638]"
llama2_b1,miss_chain4,480,1,14239,2.0445255987077746,2.0143268487955615,2.0160706529607646,5.018259709249245,0.224383734812838,0.31392653978509727,0.46168972540206477,107.21700646335925,3.2987423602995225,"[0.021198638153232318, 0.10902383237238834]"
llama2_b1,optimized_q_path,480,1,14785,1.9792357118701387,1.9506256340886032,1.95228475898579,4.546499830909706,0.22982752789989855,0.3207304700710179,0.4494420020290835,103.16918510682878,0.0,"[0.0, 0.0]"
llama2_optimized,combined_chain4,480,2,27874,2.077383942024826,2.0463155628901486,2.047559125060143,5.142426634139341,0.23835832675611682,0.30949989237282055,0.45214178087106266,491.24627743944876,3.4968166666707434,"[0.039762974682635316, 0.10202587826674284]"
llama2_optimized,short_k2_1_fused_bulk,480,2,33518,1.7176442508502894,1.7022793722775822,1.7064818215203819,2.528730831195179,0.23554508025538518,0.3911331225013426,0.37332179724327225,476.0486175525218,-14.425682931032814,"[-0.31901587852993485, -0.260618768498926]"
llama2_optimized,short_k2_1_miss2_fused_bulk,480,2,32827,1.7622993267736924,1.746458707771042,1.7501485535574668,2.7330855698053433,0.23812715143022511,0.3752398939897036,0.3866329545800713,490.2032894197479,-12.20093375848651,"[-0.2719196697238331, -0.21716512285538236]"
llama2_optimized,baseline,480,2,29044,2.007195978515356,1.9785153560115687,1.9807699130743304,4.6101088004407105,0.22352293072579535,0.325540559151632,0.45093651012257263,445.5334399012197,0.0,"[0.0, 0.0]"
llama2_optimized,fused,480,2,29044,2.007195978515356,1.9785153560115687,1.9807699130743304,4.6101088004407105,0.22352293072579535,0.325540559151632,0.45093651012257263,510.25855482834356,0.0,"[0.0, 0.0]"
llama2_optimized,fused_bulk,480,2,29044,2.007195978515356,1.9785153560115687,1.9807699130743304,4.6101088004407105,0.22352293072579535,0.325540559151632,0.45093651012257263,505.3548755157062,0.0,"[0.0, 0.0]"
llama2_optimized,fused_bulk_parallel,480,2,29044,2.007195978515356,1.9785153560115687,1.9807699130743304,4.6101088004407105,0.22352293072579535,0.325540559151632,0.45093651012257263,504.9463974014958,0.0,"[0.0, 0.0]"
llama2_full,dense_reach,480,3,43448,2.0168016939790094,1.988422942367888,1.9904642170932467,4.580394954888602,0.22792763763579452,0.322569508377831,0.4495028539863745,445.20114555007694,0.00354267719884227,"[-0.021214432057812527, 0.022110100014918952]"
llama2_full,dense_reach_gain_frontier,480,3,43581,2.037791698217113,2.008925908079209,2.0101488017789975,4.724099951813864,0.22755329157201531,0.3192905165094881,0.4531561919184966,462.30318466028575,1.0443365196903365,"[-0.001625080901763842, 0.04545798707879608]"
llama2_full,miss_chain4,480,3,42421,2.0576601211664034,2.029065792885599,2.029799231928443,5.015864783951345,0.2313476815728059,0.3184507673086443,0.45020155111854976,453.19621684842554,2.029516514466101,"[0.017959007145967033, 0.06477938121909686]"
llama2_full,miss_chain1,480,3,44347,1.9653415112634451,1.938417480325614,1.9405345159867184,4.42913838591111,0.22709540667914402,0.3371592215933434,0.4357453717275126,460.59699554848436,-2.5481214719021428,"[-0.07592238963035948, -0.027036904154811126]"
llama2_full,miss_chain2,480,3,43514,2.0167302477363607,1.9894976329457186,1.9909751995641567,4.615319207611344,0.2258583444408696,0.3291124695500299,0.4450291860091005,456.29699042910255,0.0,"[0.0, 0.0]"
llama2_full,miss_star3,480,3,43647,2.006483836231585,1.978944715558916,1.9809735139983948,4.8672531903681815,0.2217334524709602,0.3365637959080807,0.44170275162095907,463.064696405019,-0.5080705025511723,"[-0.03273838049670388, 0.014832091032764911]"
llama2_full,miss_tree2x2,480,3,42799,2.0342998668193184,2.0067758592490477,2.0097066332674984,4.992055889156289,0.23376714409215169,0.3144232341877147,0.45180962172013367,463.2562089836397,0.8711933141617889,"[-0.005029259331051894, 0.04278808485812437]"
llama2_full,q_gain,480,3,43406,2.0171404874902086,1.9894715016357185,1.9920218449483558,4.606690319310695,0.22651246371469383,0.3269824448232963,0.44650509146200984,462.90516051450254,0.020341825799885527,"[-0.020844631015758296, 0.02315595561932737]"
llama2_full,q_path,480,3,43514,2.0167302477363607,1.9894976329457186,1.9909751995641567,4.615319207611344,0.2258583444408696,0.3291124695500299,0.4450291860091005,451.42390791134653,0.0,"[0.0, 0.0]"
llama2_full,reach,480,3,43476,2.017296899438771,1.989511454595639,1.992461060667125,4.611187781764651,0.22435366639065232,0.32065967430306375,0.4549866593062839,442.4436419708768,0.028097545670591195,"[-0.020779473195459232, 0.022576556786643817]"
llama2_full,reach_frontier,480,3,43181,2.0308469002570577,2.002107408350895,2.003174754732294,4.72031680600264,0.23325073527708945,0.3184502443204187,0.4482990204024918,457.01684438722754,0.6999772298026397,"[-0.009384045511414484, 0.03822687154890433]"
llama2_full,reach_gain,480,3,43357,2.0295223378001244,1.9999077426943745,2.002258570681375,4.614295269506654,0.22630717069907974,0.3237770140923034,0.44991581520861684,461.5372074383008,0.6342985175197269,"[-0.011506468164764083, 0.036233476546421624]"
llama2_full,reach_gain_frontier,480,3,43282,2.0300355806108774,2.000346564391664,2.0035241451566814,4.728871124254886,0.23028048611432003,0.3205951665819509,0.449124347303729,468.52038098730446,0.659747771892194,"[-0.009662386787701488, 0.03606350361890948]"
llama2_replica,baseline,480,2,28918,2.029704682204855,2.000414966456878,2.001105248146035,4.6286050210941285,0.22560343038937686,0.3325956151877723,0.44180095442285083,441.7656180276869,0.0,"[0.0, 0.0]"
llama2_replica,fused_bulk,480,2,28918,2.029704682204855,2.000414966456878,2.001105248146035,4.6286050210941285,0.22560343038937686,0.3325956151877723,0.44180095442285083,499.30466483359254,0.0,"[0.0, 0.0]"
llama3_b1,legacy_q_path,480,1,11053,2.4026961006061702,2.356916674206098,2.3777840694601737,4.831177056002895,0.27449561205102685,0.4434995023975391,0.282004885551434,85.48534429523211,0.0,"[0.0, 0.0]"
llama3_b1,legacy_reach_gain_frontier,480,1,10441,2.4745714012067808,2.426108610286371,2.4424193871419986,5.048367014653769,0.2783258308591131,0.4361651182836893,0.2855090508571976,88.16960498659996,2.9914436778949005,"[0.025395988299183336, 0.12315773680076793]"
llama3_b1,miss_chain2,480,1,10854,2.351667587985996,2.3073521282476506,2.325328978964557,4.776027271052147,0.28312142988759903,0.4370738898102082,0.27980468030219274,101.7614281212543,0.0,"[0.0, 0.0]"
llama3_b1,miss_star3,480,1,11192,2.3328270192994998,2.2889563974267335,2.3077138065958636,5.1668155825589706,0.27135453895639744,0.45166190135811296,0.27698355968548966,103.48908868811654,-0.8011578159577981,"[-0.06832896010173801, 0.029980851067851047]"
llama3_b1,miss_tree2x2,480,1,10991,2.401874260758803,2.3540169229369483,2.3734093067426403,5.3112546629060144,0.28550632335547266,0.42880538622509323,0.2856882904194341,103.67402229041468,2.1349391822763852,"[0.003407854331332771, 0.09963578128540045]"
llama3_b1,q_path,480,1,10854,2.351667587985996,2.3073521282476506,2.325328978964557,4.776027271052147,0.28312142988759903,0.4370738898102082,0.27980468030219274,101.64211495540029,0.0,"[0.0, 0.0]"
llama3_b1,miss_chain1,480,1,11344,2.295574753173484,2.253790550070522,2.266856512952416,4.640602961918194,0.2655148095909732,0.4502820874471086,0.2842031029619182,101.48767118083832,-2.385236548697378,"[-0.10592715269192746, -0.004817491522837948]"
llama3_b1,miss_chain4,480,1,10789,2.4845676151635927,2.434053202335712,2.4502177068214803,5.305774399851701,0.2885346185930114,0.42710167763462786,0.28436370377236075,102.81715849713015,5.651310068503967,"[0.07880154155479258, 0.18710955443704405]"
llama3_b1,optimized_q_path,480,1,10854,2.351667587985996,2.3073521282476506,2.325328978964557,4.776027271052147,0.28312142988759903,0.4370738898102082,0.27980468030219274,101.00088874622739,0.0,"[0.0, 0.0]"
llama3_optimized,combined_chain4,480,2,20237,2.571033255917379,2.5170726886396206,2.537593790426908,5.519839897217967,0.30058803182289867,0.4165143054800613,0.2828976626970401,396.59319317481084,7.175144828082236,"[0.13072951564521407, 0.21094419916479934]"
llama3_optimized,short_k2_1_fused_bulk,480,2,25849,1.96495028821231,1.9399203063948316,1.9535359204618346,2.7208015783976167,0.2625633486788657,0.5076018414638864,0.22983480985724786,446.9609890276579,-18.089806409760524,"[-0.4651160408503654, -0.40188941755285335]"
llama3_optimized,short_k2_1_miss2_fused_bulk,480,2,24777,2.0610646970981152,2.032530169108447,2.049658467082932,2.9636356298179765,0.2717035960770069,0.49703353916939097,0.23126286475360214,457.9562549695514,-14.083216581062985,"[-0.3703967935955083, -0.30369314678936427]"
llama3_optimized,baseline,480,2,21431,2.3989081237459753,2.3555597032336335,2.3735632183908044,4.846250758247399,0.2771685875600765,0.4376837291773599,0.28514768326256357,341.21350769177235,0.0,"[0.0, 0.0]"
llama3_optimized,fused,480,2,21431,2.3989081237459753,2.3555597032336335,2.3735632183908044,4.846250758247399,0.2771685875600765,0.4376837291773599,0.28514768326256357,381.86991843515545,0.0,"[0.0, 0.0]"
llama3_optimized,fused_bulk,480,2,21431,2.3989081237459753,2.3555597032336335,2.3735632183908044,4.846250758247399,0.2771685875600765,0.4376837291773599,0.28514768326256357,392.60789316585,0.0,"[0.0, 0.0]"
llama3_optimized,fused_bulk_parallel,480,2,21431,2.3989081237459753,2.3555597032336335,2.3735632183908044,4.846250758247399,0.2771685875600765,0.4376837291773599,0.28514768326256357,405.7773363864207,0.0,"[0.0, 0.0]"
llama3_full,dense_reach,480,3,31736,2.4243761028485,2.37856062515755,2.397144924676008,4.840307537181749,0.2757436349886564,0.43830350390723466,0.2859528611041089,358.21382895588613,0.7119176275085515,"[-0.013400758924143542, 0.04604643191417011]"
llama3_full,dense_reach_gain_frontier,480,3,32227,2.46001799733143,2.4109597542433363,2.4321591756051717,5.006950693517858,0.28581624104012165,0.4339528966394638,0.28023086232041455,367.22760316099493,2.1925309436667595,"[0.022805149210206634, 0.08343034183616639]"
llama3_full,miss_chain4,480,3,31140,2.496820809248555,2.448265895953757,2.468921051747876,5.350738599871548,0.28426461143224147,0.43159922928709055,0.28413615928066793,356.3357508402674,3.721370366685006,"[0.05701950966755827, 0.1193662955776221]"
llama3_full,miss_chain1,480,3,33530,2.2914405010438412,2.2481956456904264,2.262444844944379,4.638443185207277,0.27178645988666866,0.4471219803161348,0.2810915597971965,357.0096765859566,-4.810410101668339,"[-0.14519909541844633, -0.0870136603247049]"
llama3_full,miss_chain2,480,3,32023,2.4072385472941322,2.363551197576742,2.3821755712748964,4.871967023701714,0.2743028448302782,0.44174499578428006,0.2839521593854417,361.9488564092572,0.0,"[0.0, 0.0]"
llama3_full,miss_star3,480,3,33285,2.3253717890941865,2.2821991888237947,2.300203602192639,5.1352260778128285,0.27495869010064594,0.4483400931350458,0.27670121676430826,369.56268460600694,-3.4008577293666353,"[-0.11176434424132663, -0.0542669761983215]"
llama3_full,miss_tree2x2,480,3,32114,2.436009217163854,2.3884910008096156,2.4086710466402135,5.326212866662515,0.28333437130223577,0.4316808868406303,0.28498474185713396,366.8484231305706,1.1951731955298417,"[-0.0014512112032552316, 0.05726379935947329]"
llama3_full,q_gain,480,3,33082,2.3866755335227614,2.3417568466235417,2.3599230987424753,4.836255365455535,0.2796989299316849,0.43700501783447193,0.2832960522338432,361.3304012090236,-0.8542158729754834,"[-0.05060836923569412, 0.009045614494807425]"
llama3_full,q_path,480,3,32023,2.4072385472941322,2.363551197576742,2.3821755712748964,4.871967023701714,0.2743028448302782,0.44174499578428006,0.2839521593854417,360.30933665776456,0.0,"[0.0, 0.0]"
llama3_full,reach,480,3,32123,2.4365096659714225,2.390281106994988,2.4085427299028055,4.8406749058307135,0.2791457833950752,0.43685209974161815,0.2840021168633067,363.687353832026,1.2159625272780916,"[-0.0010466414366809053, 0.06023966971863213]"
llama3_full,reach_frontier,480,3,31263,2.4452867607075457,2.396666986533602,2.4164104278074867,4.974666538719893,0.2897354700444615,0.42299203531330964,0.2872724946422288,360.20741002929157,1.5805751140111068,"[0.007133841208549397, 0.06837940643015254]"
llama3_full,reach_gain,480,3,31710,2.4407442447177545,2.3933774834437087,2.4122821467400257,4.831157363607694,0.28104698833175656,0.43547776726584675,0.28347524440239674,365.79152037758087,1.3918727523404062,"[0.002202656467741404, 0.0624926223393088]"
llama3_full,reach_gain_frontier,480,3,31676,2.4538136128299026,2.4066485667382245,2.4277895014508046,4.991476196489455,0.2870627604495517,0.42855789872458644,0.28437934082586186,363.9342868358421,1.9347922784022975,"[0.017014034605528548, 0.07608826193657088]"
llama3_replica,baseline,480,2,22048,2.3932783018867925,2.3477866473149493,2.365716446839692,4.852322206095791,0.2772587082728592,0.44008526850507984,0.28265602322206096,341.2922637906335,0.0,"[0.0, 0.0]"
llama3_replica,fused_bulk,480,2,22048,2.3932783018867925,2.3477866473149493,2.365716446839692,4.852322206095791,0.2772587082728592,0.44008526850507984,0.28265602322206096,395.48261717430995,0.0,"[0.0, 0.0]"
