2	1	results/mlsys_coverage/run_regressions.sh
62	2	ssd/bench/mlsys_coverage.py
38	0	ssd/bench/mlsys_tree_observer.py
32	95	ssd/ssd/engine/draft_runner.py
99	10	ssd/ssd/engine/helpers/batch_tree_draft.py
9	0	ssd/ssd/engine/helpers/batch_tree_forward.py
16	6	ssd/ssd/engine/helpers/p2_tree.py
17	4	ssd/ssd/engine/helpers/p2_tree_executor.py
74	0	ssd/ssd/engine/helpers/tree_expansion_policy.py
66	0	ssd/ssd/engine/helpers/tree_fused_math.py
71	0	ssd/ssd/engine/helpers/tree_gain_allocation.py
4	1	ssd/ssd/engine/helpers/tree_rerank_gpu.py
9	0	ssd/ssd/engine/llm_engine.py
10	0	ssd/ssd/engine/step.py
10	1	ssd/tests/test_output_accounting.py
98	0	ssd/tests/test_tree_fused_math.py
109	0	ssd/tests/test_tree_round4.py
