name,model,batch,method,questions,temperature,input_cap,output_cap,AL,cache_hit,TPS,raw_TPS,instrumented,timing_excluded,passes,plot,raw_path,companion_profiles
llama2_b1_final_duet_fast_r0,llama2,1,DUET,480,0.7,512,128,2.364538823427856,0.8569852785202156,125.78752398843628,126.37695798548563,False,False,2,figs/llama2_b1_final_duet_fast_r0.png,final_llama2_b1_r0/llama2_b1_final_duet_fast_r0.json,"[""llama2_b1_refine_e21_k12_2_r2""]"
llama2_b1_final_ssd_al_r0,llama2,1,SSD,480,0.7,512,128,2.261861313868613,0.4721360966057441,115.63029617968162,115.89664904193192,False,False,2,figs/llama2_b1_final_ssd_al_r0.png,final_llama2_b1_r0/llama2_b1_final_ssd_al_r0.json,"[""llama2_b1_ssd_k6_f5""]"
llama2_b1_final_ssd_fast_r0,llama2,1,SSD,480,0.7,512,128,2.1847236831458856,0.5600477992431786,116.73091322487043,116.72653453003629,False,False,2,figs/llama2_b1_final_ssd_fast_r0.png,final_llama2_b1_r0/llama2_b1_final_ssd_fast_r0.json,"[""llama2_b1_ssd_refine_k4_f7""]"
llama2_b1_final_duet_fast_r1,llama2,1,DUET,480,0.7,512,128,2.365630229895182,0.8514590007792883,125.62217389648244,126.36175333491808,False,False,2,figs/llama2_b1_final_duet_fast_r1.png,final_llama2_b1_r1/llama2_b1_final_duet_fast_r1.json,"[""llama2_b1_refine_e21_k12_2_r2""]"
llama2_b1_final_ssd_al_r1,llama2,1,SSD,480,0.7,512,128,2.2569992523053917,0.47616516762060507,115.4416447759517,115.7000530748026,False,False,2,figs/llama2_b1_final_ssd_al_r1.png,final_llama2_b1_r1/llama2_b1_final_ssd_al_r1.json,"[""llama2_b1_ssd_k6_f5""]"
llama2_b1_final_ssd_fast_r1,llama2,1,SSD,480,0.7,512,128,2.101874585915273,0.5374222768097029,111.91433727982859,112.04804791250558,False,False,2,figs/llama2_b1_final_ssd_fast_r1.png,final_llama2_b1_r1/llama2_b1_final_ssd_fast_r1.json,"[""llama2_b1_ssd_refine_k4_f7""]"
llama2_b2_scale_duet,llama2,2,DUET,480,0.7,512,128,2.1491975042184985,0.7746821747362727,216.07768352756864,215.97950995234817,False,False,2,figs/llama2_b2_scale_duet.png,final_llama2_b8_r0/llama2_b2_scale_duet.json,[]
llama2_b2_scale_ssd,llama2,2,SSD,480,0.7,512,128,2.152683235713155,0.5499026100506428,213.61059609745942,213.87537068200518,False,False,2,figs/llama2_b2_scale_ssd.png,final_llama2_b8_r0/llama2_b2_scale_ssd.json,[]
llama2_b4_scale_duet,llama2,4,DUET,480,0.7,512,128,2.107765886549845,0.765862135547403,365.4593864921436,365.79181000510096,False,False,2,figs/llama2_b4_scale_duet.png,final_llama2_b8_r0/llama2_b4_scale_duet.json,[]
llama2_b4_scale_ssd,llama2,4,SSD,480,0.7,512,128,2.123128054740958,0.5442818636888718,383.26557036691685,384.27063439165914,False,False,2,figs/llama2_b4_scale_ssd.png,final_llama2_b8_r0/llama2_b4_scale_ssd.json,[]
llama2_b8_final_duet_al_r0,llama2,8,DUET,480,0.7,512,128,2.298691829294446,0.8166399459961184,469.3040873453919,472.20674996234544,False,False,2,figs/llama2_b8_final_duet_al_r0.png,final_llama2_b8_r0/llama2_b8_final_duet_al_r0.json,"[""llama2_b8_tree_al_compute3""]"
llama2_b8_final_duet_fast_r0,llama2,8,DUET,480,0.7,512,128,2.124382401380284,0.7683958437946619,602.1577504320463,603.850214252653,False,False,2,figs/llama2_b8_final_duet_fast_r0.png,final_llama2_b8_r0/llama2_b8_final_duet_fast_r0.json,"[""llama2_b8_opt_l0_profile_trim0"", ""llama2_b8_opt_l1_profile_trim0"", ""llama2_b8_final_breakdown"", ""llama2_b8_refine_e21_k3_2_r1""]"
llama2_b8_final_ssd_al_r0,llama2,8,SSD,480,0.7,512,128,2.3036046708410898,0.4583853516437786,619.5244801977059,627.831504838204,False,False,2,figs/llama2_b8_final_ssd_al_r0.png,final_llama2_b8_r0/llama2_b8_final_ssd_al_r0.json,"[""llama2_b8_ssd_k8_f5""]"
llama2_b8_final_ssd_fast_r0,llama2,8,SSD,480,0.7,512,128,2.158607584701221,0.5448791943637304,683.0880383819174,687.4614957055818,False,False,2,figs/llama2_b8_final_ssd_fast_r0.png,final_llama2_b8_r0/llama2_b8_final_ssd_fast_r0.json,"[""llama2_b8_ssd_refine_k4_f7""]"
llama2_b8_implementation_off,llama2,8,DUET,480,0.7,512,128,2.124382401380284,0.7683958437946619,594.1075957201981,595.5932474354936,False,False,2,figs/llama2_b8_implementation_off.png,final_llama2_b8_r0/llama2_b8_implementation_off.json,[]
llama2_b8_long_duet,llama2,8,DUET,480,0.7,1024,256,2.3588440698374473,0.8006832624587893,647.4106892277782,647.5515750176489,False,False,2,figs/llama2_b8_long_duet.png,final_llama2_b8_r0/llama2_b8_long_duet.json,"[""llama2_b8_opt_l0_profile_trim0"", ""llama2_b8_opt_l1_profile_trim0"", ""llama2_b8_final_breakdown"", ""llama2_b8_refine_e21_k3_2_r1""]"
llama2_b8_long_ssd,llama2,8,SSD,480,0.7,1024,256,2.4076133447390933,0.6075279552715654,735.6918933416277,736.1953330595329,False,False,2,figs/llama2_b8_long_ssd.png,final_llama2_b8_r0/llama2_b8_long_ssd.json,"[""llama2_b8_ssd_refine_k4_f7""]"
llama2_b8_final_duet_al_r1,llama2,8,DUET,480,0.7,512,128,2.3399632802937576,0.8226950354609929,483.1808660652551,485.3464529856662,False,False,2,figs/llama2_b8_final_duet_al_r1.png,final_llama2_b8_r1/llama2_b8_final_duet_al_r1.json,"[""llama2_b8_tree_al_compute3""]"
llama2_b8_final_duet_fast_r1,llama2,8,DUET,480,0.7,512,128,2.0904787561576357,0.7714729739974225,594.6492523793868,597.3215711233322,False,False,2,figs/llama2_b8_final_duet_fast_r1.png,final_llama2_b8_r1/llama2_b8_final_duet_fast_r1.json,"[""llama2_b8_opt_l0_profile_trim0"", ""llama2_b8_opt_l1_profile_trim0"", ""llama2_b8_final_breakdown"", ""llama2_b8_refine_e21_k3_2_r1""]"
llama2_b8_final_ssd_al_r1,llama2,8,SSD,480,0.7,512,128,2.316963319042051,0.4733412826846095,628.4998816497126,636.5629798936579,False,False,2,figs/llama2_b8_final_ssd_al_r1.png,final_llama2_b8_r1/llama2_b8_final_ssd_al_r1.json,"[""llama2_b8_ssd_k8_f5""]"
llama2_b8_final_ssd_fast_r1,llama2,8,SSD,480,0.7,512,128,2.143285111750562,0.5428360700283374,681.785710625264,686.3669754342967,False,False,2,figs/llama2_b8_final_ssd_fast_r1.png,final_llama2_b8_r1/llama2_b8_final_ssd_fast_r1.json,"[""llama2_b8_ssd_refine_k4_f7""]"
llama3_b1_final_duet_al_r0,llama3,1,DUET,480,0.7,512,128,3.000423703165668,0.6814753711996229,93.97329425679418,93.58123196442922,False,False,2,figs/llama3_b1_final_duet_al_r0.png,final_llama3_b1_r0/llama3_b1_final_duet_al_r0.json,"[""llama3_b1_refine_e16_k6_4_r2""]"
llama3_b1_final_duet_fast_r0,llama3,1,DUET,480,0.7,512,128,2.6786027157249235,0.6807055050774987,113.93101024000917,113.36320930487868,False,False,2,figs/llama3_b1_final_duet_fast_r0.png,final_llama3_b1_r0/llama3_b1_final_duet_fast_r0.json,"[""llama3_b1_duet_e16_k4_2""]"
llama3_b1_final_ssd_al_r0,llama3,1,SSD,480,0.7,512,128,3.0021891152325937,0.28729576130712764,95.4243112494654,95.44532949805357,False,False,2,figs/llama3_b1_final_ssd_al_r0.png,final_llama3_b1_r0/llama3_b1_final_ssd_al_r0.json,"[""llama3_b1_ssd_k8_f1""]"
llama3_b1_final_ssd_fast_r0,llama3,1,SSD,480,0.7,512,128,2.6788149804359978,0.6583224258289704,123.40260065832291,122.70811509537249,False,False,2,figs/llama3_b1_final_ssd_fast_r0.png,final_llama3_b1_r0/llama3_b1_final_ssd_fast_r0.json,"[""llama3_b1_ssd_refine_k4_f7""]"
llama3_b1_final_duet_al_r1,llama3,1,DUET,480,0.7,512,128,2.9523809523809526,0.6740448756822317,91.35792918935276,90.97340184755387,False,False,2,figs/llama3_b1_final_duet_al_r1.png,final_llama3_b1_r1/llama3_b1_final_duet_al_r1.json,"[""llama3_b1_refine_e16_k6_4_r2""]"
llama3_b1_final_duet_fast_r1,llama3,1,DUET,480,0.7,512,128,2.7016962480341498,0.6768539818161902,114.69347365687008,113.98492313097367,False,False,2,figs/llama3_b1_final_duet_fast_r1.png,final_llama3_b1_r1/llama3_b1_final_duet_fast_r1.json,"[""llama3_b1_duet_e16_k4_2""]"
llama3_b1_final_ssd_al_r1,llama3,1,SSD,480,0.7,512,128,3.021364170913367,0.277989337395278,94.86337776224906,94.5830415484906,False,False,2,figs/llama3_b1_final_ssd_al_r1.png,final_llama3_b1_r1/llama3_b1_final_ssd_al_r1.json,"[""llama3_b1_ssd_k8_f1""]"
llama3_b1_final_ssd_fast_r1,llama3,1,SSD,480,0.7,512,128,2.643745186489163,0.6518820812973205,121.30195337419987,120.77950603597456,False,False,2,figs/llama3_b1_final_ssd_fast_r1.png,final_llama3_b1_r1/llama3_b1_final_ssd_fast_r1.json,"[""llama3_b1_ssd_refine_k4_f7""]"
llama3_b2_scale_duet,llama3,2,DUET,480,0.7,512,128,2.3892497091896083,0.8177550149381135,188.69499249597354,187.69672677385262,False,False,2,figs/llama3_b2_scale_duet.png,final_llama3_b8_r0/llama3_b2_scale_duet.json,[]
llama3_b2_scale_ssd,llama3,2,SSD,480,0.7,512,128,2.6753481741419014,0.3505965437911294,200.53037480775942,199.79223872255105,False,False,2,figs/llama3_b2_scale_ssd.png,final_llama3_b8_r0/llama3_b2_scale_ssd.json,[]
llama3_b4_scale_duet,llama3,4,DUET,480,0.7,512,128,2.4108863920099877,0.8175424887673374,312.4304372862517,311.1183281756594,False,False,2,figs/llama3_b4_scale_duet.png,final_llama3_b8_r0/llama3_b4_scale_duet.json,[]
llama3_b4_scale_ssd,llama3,4,SSD,480,0.7,512,128,2.6955108785458552,0.3619216508141222,367.99879935336503,366.44055815814056,False,False,2,figs/llama3_b4_scale_ssd.png,final_llama3_b8_r0/llama3_b4_scale_ssd.json,[]
llama3_b8_final_duet_al_r0,llama3,8,DUET,480,0.7,512,128,2.9032201610080506,0.8608522727272727,334.8659205629519,332.50494083994766,False,False,2,figs/llama3_b8_final_duet_al_r0.png,final_llama3_b8_r0/llama3_b8_final_duet_al_r0.json,"[""llama3_b8_combo_al_k2_3""]"
llama3_b8_final_duet_fast_r0,llama3,8,DUET,480,0.7,512,128,2.4290071679121548,0.8172059042791113,500.71175833589655,496.65729362055845,False,False,2,figs/llama3_b8_final_duet_fast_r0.png,final_llama3_b8_r0/llama3_b8_final_duet_fast_r0.json,"[""llama3_b8_opt_l0_profile_trim0"", ""llama3_b8_opt_l1_profile_trim0"", ""llama3_b8_final_breakdown"", ""llama3_b8_warm_diagnostic_grow_k2""]"
llama3_b8_final_ssd_al_r0,llama3,8,SSD,480,0.7,512,128,3.100592885375494,0.47620266120777893,402.3491611657643,402.401800725754,False,False,2,figs/llama3_b8_final_ssd_al_r0.png,final_llama3_b8_r0/llama3_b8_final_ssd_al_r0.json,"[""llama3_b8_ssd_k8_f3""]"
llama3_b8_final_ssd_fast_r0,llama3,8,SSD,480,0.7,512,128,2.6751434245366283,0.3548439181916039,684.3586743149572,682.6613905926164,False,False,2,figs/llama3_b8_final_ssd_fast_r0.png,final_llama3_b8_r0/llama3_b8_final_ssd_fast_r0.json,"[""llama3_b8_ssd_k4_f1""]"
llama3_b8_implementation_off,llama3,8,DUET,480,0.7,512,128,2.4290071679121548,0.8172059042791113,482.43613540314584,478.71727368561295,False,False,2,figs/llama3_b8_implementation_off.png,final_llama3_b8_r0/llama3_b8_implementation_off.json,[]
llama3_b8_long_duet,llama3,8,DUET,480,0.7,1024,256,2.581391750982394,0.8475181635020453,518.8138046655351,520.5427298108897,False,False,2,figs/llama3_b8_long_duet.png,final_llama3_b8_r0/llama3_b8_long_duet.json,"[""llama3_b8_opt_l0_profile_trim0"", ""llama3_b8_opt_l1_profile_trim0"", ""llama3_b8_final_breakdown"", ""llama3_b8_warm_diagnostic_grow_k2""]"
llama3_b8_long_ssd,llama3,8,SSD,480,0.7,1024,256,2.9209122293126897,0.42604363511424154,745.2572636825254,741.490128471031,False,False,2,figs/llama3_b8_long_ssd.png,final_llama3_b8_r0/llama3_b8_long_ssd.json,"[""llama3_b8_ssd_k4_f1""]"
llama3_b8_final_duet_al_r1,llama3,8,DUET,480,0.7,512,128,2.897196261682243,0.8551505357035973,334.2097607212277,335.6733768292971,False,False,2,figs/llama3_b8_final_duet_al_r1.png,final_llama3_b8_r1/llama3_b8_final_duet_al_r1.json,"[""llama3_b8_combo_al_k2_3""]"
llama3_b8_final_duet_fast_r1,llama3,8,DUET,480,0.7,512,128,2.3857850421000495,0.8173184086834326,497.3361532764681,496.98167571497254,False,False,2,figs/llama3_b8_final_duet_fast_r1.png,final_llama3_b8_r1/llama3_b8_final_duet_fast_r1.json,"[""llama3_b8_opt_l0_profile_trim0"", ""llama3_b8_opt_l1_profile_trim0"", ""llama3_b8_final_breakdown"", ""llama3_b8_warm_diagnostic_grow_k2""]"
llama3_b8_final_ssd_al_r1,llama3,8,SSD,480,0.7,512,128,3.0295453131803196,0.47841879048368546,392.3162440101591,393.1243092378819,False,False,2,figs/llama3_b8_final_ssd_al_r1.png,final_llama3_b8_r1/llama3_b8_final_ssd_al_r1.json,"[""llama3_b8_ssd_k8_f3""]"
llama3_b8_final_ssd_fast_r1,llama3,8,SSD,480,0.7,512,128,2.6994925556237104,0.35532829244410596,694.4170559528343,692.4001055611426,False,False,2,figs/llama3_b8_final_ssd_fast_r1.png,final_llama3_b8_r1/llama3_b8_final_ssd_fast_r1.json,"[""llama3_b8_ssd_k4_f1""]"
llama2_b1_opt_fast_r0,llama2,1,DUET,480,0.7,512,128,2.364538823427856,0.8569852785202156,126.2694896203894,126.85957277570756,False,False,2,figs/llama2_b1_opt_fast_r0.png,llama2_opt_l0_full/llama2_b1_opt_fast_r0.json,"[""llama2_b1_stream_l0_profile_s0"", ""llama2_b1_stream_l1_profile_s0""]"
llama2_b8_opt_fast_r1,llama2,8,DUET,480,0.7,512,128,2.0904787561576357,0.7714729739974225,597.2842766851859,599.9468714173455,False,False,2,figs/llama2_b8_opt_fast_r1.png,llama2_opt_l0_full/llama2_b8_opt_fast_r1.json,"[""llama2_b8_opt_l0_profile_trim1"", ""llama2_b8_opt_l1_profile_trim1"", ""llama2_b8_stream_l0_profile_s0"", ""llama2_b8_stream_l1_profile_s0"", ""llama2_b8_stability_profile_3""]"
llama2_b1_opt_fast_r1,llama2,1,DUET,480,0.7,512,128,2.365630229895182,0.8514590007792883,126.02951022877694,126.77158901858381,False,False,2,figs/llama2_b1_opt_fast_r1.png,llama2_opt_l1_full/llama2_b1_opt_fast_r1.json,"[""llama2_b1_stream_l0_profile_s0"", ""llama2_b1_stream_l1_profile_s0""]"
llama2_b8_opt_al_r0,llama2,8,DUET,480,0.7,512,128,2.298691829294446,0.8166399459961184,471.5702187267296,474.5157307857429,False,False,2,figs/llama2_b8_opt_al_r0.png,llama2_opt_l1_full/llama2_b8_opt_al_r0.json,[]
llama2_b8_opt_fast_r0,llama2,8,DUET,480,0.7,512,128,2.124382401380284,0.7683958437946619,604.8569354230901,606.6174395875269,False,False,2,figs/llama2_b8_opt_fast_r0.png,llama2_opt_l1_full/llama2_b8_opt_fast_r0.json,"[""llama2_b8_opt_l0_profile_trim1"", ""llama2_b8_opt_l1_profile_trim1"", ""llama2_b8_stream_l0_profile_s0"", ""llama2_b8_stream_l1_profile_s0"", ""llama2_b8_stability_profile_3""]"
llama2_b1_postopt_final_r0,llama2,1,DUET,480,0.7,512,128,2.3444621548270366,0.8503493542240101,127.0270493226425,127.88134860142857,False,False,2,figs/llama2_b1_postopt_final_r0.png,llama2_postopt_l0_full/llama2_b1_postopt_final_r0.json,"[""llama2_b1_postopt_profile_k1_down""]"
llama2_b8_postopt_final_r1,llama2,8,DUET,480,0.7,512,128,2.1353222806948127,0.7575379820802494,585.3043894494488,586.69491460446,False,False,2,figs/llama2_b8_postopt_final_r1.png,llama2_postopt_l0_full/llama2_b8_postopt_final_r1.json,"[""llama2_b8_stability_profile_0"", ""llama2_b8_postopt_profile_exit_earlier""]"
llama2_b1_postopt_final_r1,llama2,1,DUET,480,0.7,512,128,2.3474876150035384,0.8450330549756437,126.83924995255062,127.24039090729129,False,False,2,figs/llama2_b1_postopt_final_r1.png,llama2_postopt_l1_full/llama2_b1_postopt_final_r1.json,"[""llama2_b1_postopt_profile_k1_down""]"
llama2_b8_postopt_final_r0,llama2,8,DUET,480,0.7,512,128,2.107435788825138,0.7419036784224498,583.1212629874723,584.3916834938516,False,False,2,figs/llama2_b8_postopt_final_r0.png,llama2_postopt_l1_full/llama2_b8_postopt_final_r0.json,"[""llama2_b8_stability_profile_0"", ""llama2_b8_postopt_profile_exit_earlier""]"
llama2_b1_stream_fast_r0,llama2,1,DUET,480,0.7,512,128,2.364538823427856,0.8569852785202156,126.64976657458686,127.24632275456848,False,False,2,figs/llama2_b1_stream_fast_r0.png,llama2_stream_l0_full/llama2_b1_stream_fast_r0.json,"[""llama2_b1_stream_l0_profile_s1"", ""llama2_b1_stream_l1_profile_s1""]"
llama2_b8_stream_fast_r1,llama2,8,DUET,480,0.7,512,128,2.0904787561576357,0.7714729739974225,553.9433945130504,556.449487266411,False,False,2,figs/llama2_b8_stream_fast_r1.png,llama2_stream_l0_full/llama2_b8_stream_fast_r1.json,"[""llama2_b8_stream_l0_profile_s1"", ""llama2_b8_stream_l1_profile_s1"", ""llama2_b8_stability_profile_2""]"
llama2_b1_stream_fast_r1,llama2,1,DUET,480,0.7,512,128,2.365630229895182,0.8514590007792883,127.38350256625337,128.1340780621438,False,False,2,figs/llama2_b1_stream_fast_r1.png,llama2_stream_l1_full/llama2_b1_stream_fast_r1.json,"[""llama2_b1_stream_l0_profile_s1"", ""llama2_b1_stream_l1_profile_s1""]"
llama2_b8_stream_fast_r0,llama2,8,DUET,480,0.7,512,128,2.124382401380284,0.7683958437946619,567.7049183421921,569.167009850018,False,False,2,figs/llama2_b8_stream_fast_r0.png,llama2_stream_l1_full/llama2_b8_stream_fast_r0.json,"[""llama2_b8_stream_l0_profile_s1"", ""llama2_b8_stream_l1_profile_s1"", ""llama2_b8_stability_profile_2""]"
llama3_b1_opt_fast_r0,llama3,1,DUET,480,0.7,512,128,2.6786027157249235,0.6807055050774987,114.26789720540589,113.69835642695239,False,False,2,figs/llama3_b1_opt_fast_r0.png,llama3_opt_l0_full/llama3_b1_opt_fast_r0.json,"[""llama3_b1_stream_l0_profile_s0"", ""llama3_b1_stream_l1_profile_s0""]"
llama3_b8_opt_fast_r1,llama3,8,DUET,480,0.7,512,128,2.3857850421000495,0.8173184086834326,499.9101024206463,499.86374033523407,False,False,2,figs/llama3_b8_opt_fast_r1.png,llama3_opt_l0_full/llama3_b8_opt_fast_r1.json,"[""llama3_b8_opt_l0_profile_trim1"", ""llama3_b8_opt_l1_profile_trim1"", ""llama3_b8_stability_profile_3"", ""llama3_b8_stream_l0_profile_s0"", ""llama3_b8_stream_l1_profile_s0""]"
llama3_b1_opt_fast_r1,llama3,1,DUET,480,0.7,512,128,2.7016962480341498,0.6768539818161902,115.53116976755412,114.81691758720642,False,False,2,figs/llama3_b1_opt_fast_r1.png,llama3_opt_l1_full/llama3_b1_opt_fast_r1.json,"[""llama3_b1_stream_l0_profile_s0"", ""llama3_b1_stream_l1_profile_s0""]"
llama3_b8_opt_al_r0,llama3,8,DUET,480,0.7,512,128,2.9032201610080506,0.8608522727272727,337.38647477776476,335.2197249266306,False,False,2,figs/llama3_b8_opt_al_r0.png,llama3_opt_l1_full/llama3_b8_opt_al_r0.json,[]
llama3_b8_opt_fast_r0,llama3,8,DUET,480,0.7,512,128,2.4290071679121548,0.8172059042791113,507.4555158680226,503.0451262012796,False,False,2,figs/llama3_b8_opt_fast_r0.png,llama3_opt_l1_full/llama3_b8_opt_fast_r0.json,"[""llama3_b8_opt_l0_profile_trim1"", ""llama3_b8_opt_l1_profile_trim1"", ""llama3_b8_stability_profile_3"", ""llama3_b8_stream_l0_profile_s0"", ""llama3_b8_stream_l1_profile_s0""]"
llama3_b8_postopt_final_r1,llama3,8,DUET,480,0.7,512,128,2.365697071460319,0.8361764848016238,457.2711639002674,458.12458888866416,False,False,2,figs/llama3_b8_postopt_final_r1.png,llama3_postopt_l0_full/llama3_b8_postopt_final_r1.json,"[""llama3_b8_postopt_profile_exit_later"", ""llama3_b8_stability_profile_1""]"
llama3_b8_postopt_final_r0,llama3,8,DUET,480,0.7,512,128,2.3814408050703952,0.8392764123691813,452.85112402392565,451.7184186670222,False,False,2,figs/llama3_b8_postopt_final_r0.png,llama3_postopt_l1_full/llama3_b8_postopt_final_r0.json,"[""llama3_b8_postopt_profile_exit_later"", ""llama3_b8_stability_profile_1""]"
llama3_b8_stability_final_r1,llama3,8,DUET,480,0.7,512,128,2.2786268628291197,0.8294331530859593,542.4667672444608,541.6370437285821,False,False,2,figs/llama3_b8_stability_final_r1.png,llama3_stability_l0_full/llama3_b8_stability_final_r1.json,"[""llama3_b8_stability_profile_4""]"
llama3_b8_stability_final_r0,llama3,8,DUET,480,0.7,512,128,2.2897974285450005,0.8240916915828577,537.6771534192632,539.2666070513219,False,False,2,figs/llama3_b8_stability_final_r0.png,llama3_stability_l1_full/llama3_b8_stability_final_r0.json,"[""llama3_b8_stability_profile_4""]"
llama3_b1_stream_fast_r0,llama3,1,DUET,480,0.7,512,128,2.6786027157249235,0.6807055050774987,115.87931462756008,115.30092391763849,False,False,2,figs/llama3_b1_stream_fast_r0.png,llama3_stream_l0_full/llama3_b1_stream_fast_r0.json,"[""llama3_b1_stream_l0_profile_s1"", ""llama3_b1_stream_l1_profile_s1""]"
llama3_b8_stream_fast_r1,llama3,8,DUET,480,0.7,512,128,2.3857850421000495,0.8173184086834326,487.12064992400616,486.96479597879505,False,False,2,figs/llama3_b8_stream_fast_r1.png,llama3_stream_l0_full/llama3_b8_stream_fast_r1.json,"[""llama3_b8_stability_profile_2"", ""llama3_b8_stream_l0_profile_s1"", ""llama3_b8_stream_l1_profile_s1""]"
llama3_b1_stream_fast_r1,llama3,1,DUET,480,0.7,512,128,2.7016962480341498,0.6768539818161902,117.20691562740097,116.48213561057464,False,False,2,figs/llama3_b1_stream_fast_r1.png,llama3_stream_l1_full/llama3_b1_stream_fast_r1.json,"[""llama3_b1_stream_l0_profile_s1"", ""llama3_b1_stream_l1_profile_s1""]"
llama3_b8_stream_fast_r0,llama3,8,DUET,480,0.7,512,128,2.4290071679121548,0.8172059042791113,482.20426174717664,478.22915296323197,False,False,2,figs/llama3_b8_stream_fast_r0.png,llama3_stream_l1_full/llama3_b8_stream_fast_r0.json,"[""llama3_b8_stability_profile_2"", ""llama3_b8_stream_l0_profile_s1"", ""llama3_b8_stream_l1_profile_s1""]"
