section,model,batch,method,al,cache_hit,p1_hit,p2_hit,tps,raw_tps,names,paths,gpus,parameters,companion
Final TPS-priority,llama2,1,SSD,2.142525358794688,0.5485251861842491,,,"[116.73091322487043, 111.91433727982859]","[116.72653453003629, 112.04804791250558]","[""llama2_b1_final_ssd_fast_r0"", ""llama2_b1_final_ssd_fast_r1""]","[""final_llama2_b1_r0/llama2_b1_final_ssd_fast_r0.json"", ""final_llama2_b1_r1/llama2_b1_final_ssd_fast_r1.json""]","[""2,3"", ""0,1""]","{""model"": ""llama2"", ""method"": ""SSD"", ""target"": ""layerskip-llama2-7b"", ""draft"": ""AMD-Llama-135m"", ""target_dtype"": ""torch.float16"", ""draft_dtype"": ""torch.float16"", ""target_tp"": 1, ""input_cap"": 512, ""output_cap"": 128, ""max_model_len"": 2048, ""gpus"": ""2,3"", ""K1"": null, ""K2"": null, ""SSD_K"": 4, ""SSD_F"": 7, ""exit"": null, ""C"": null, ""N1"": null, ""N2"": null, ""M1"": null, ""M2"": null, ""P1_roots"": null, ""draft_fanout"": null, ""proxy_fanout"": null, ""W"": null, ""R"": null, ""proxy_floor"": null, ""confidence_floor"": null, ""beta_recorded_inactive"": null, ""root"": null, ""normalization"": null, ""overlap_mix"": null, ""tree_policy"": null, ""miss_K"": 4, ""trim"": null, ""stream"": null, ""fused"": null, ""bulk"": null, ""parallel_insert"": null, ""fast_verify"": ""1"", ""backend"": ""auto"", ""ignore_eos"": false, ""greedy_only"": false, ""git_commit"": ""1db69b5b2c40e2aff53552fcfa2107e8c9597eaa""}",llama2_b1_ssd_refine_k4_f7
Final TPS-priority,llama2,1,DUET,2.3459549115034593,0.8477267363271611,0.3135365932156114,0.5341901431115498,"[127.0270493226425, 126.83924995255062]","[127.88134860142857, 127.24039090729129]","[""llama2_b1_postopt_final_r0"", ""llama2_b1_postopt_final_r1""]","[""llama2_postopt_l0_full/llama2_b1_postopt_final_r0.json"", ""llama2_postopt_l1_full/llama2_b1_postopt_final_r1.json""]","[""2,3"", ""0,1""]","{""model"": ""llama2"", ""method"": ""DUET"", ""target"": ""layerskip-llama2-7b"", ""draft"": ""AMD-Llama-135m"", ""target_dtype"": ""torch.float16"", ""draft_dtype"": ""torch.float16"", ""target_tp"": 1, ""input_cap"": 512, ""output_cap"": 128, ""max_model_len"": 2048, ""gpus"": ""2,3"", ""K1"": 11, ""K2"": 2, ""SSD_K"": null, ""SSD_F"": null, ""exit"": 21, ""C"": 3, ""N1"": 16, ""N2"": 4, ""M1"": 16, ""M2"": 4, ""P1_roots"": 2, ""draft_fanout"": 2, ""proxy_fanout"": 1, ""W"": 12, ""R"": null, ""proxy_floor"": 0.01, ""confidence_floor"": 0.03, ""beta_recorded_inactive"": 0.5, ""root"": ""complement"", ""normalization"": ""full"", ""overlap_mix"": 0.25, ""tree_policy"": ""reach_gain_frontier"", ""miss_K"": 4, ""trim"": 1, ""stream"": 1, ""fused"": 1, ""bulk"": 1, ""parallel_insert"": 0, ""fast_verify"": ""1"", ""backend"": ""auto"", ""ignore_eos"": false, ""greedy_only"": false, ""git_commit"": ""641f5ce88ead693790ced9a3261b01241c94e8f4""}",llama2_b1_postopt_profile_k1_down
Final TPS-priority,llama2,8,SSD,2.1508492505438794,0.5438448235201635,,,"[683.0880383819174, 681.785710625264]","[687.4614957055818, 686.3669754342967]","[""llama2_b8_final_ssd_fast_r0"", ""llama2_b8_final_ssd_fast_r1""]","[""final_llama2_b8_r0/llama2_b8_final_ssd_fast_r0.json"", ""final_llama2_b8_r1/llama2_b8_final_ssd_fast_r1.json""]","[""0,1"", ""2,3""]","{""model"": ""llama2"", ""method"": ""SSD"", ""target"": ""layerskip-llama2-7b"", ""draft"": ""AMD-Llama-135m"", ""target_dtype"": ""torch.float16"", ""draft_dtype"": ""torch.float16"", ""target_tp"": 1, ""input_cap"": 512, ""output_cap"": 128, ""max_model_len"": 2048, ""gpus"": ""0,1"", ""K1"": null, ""K2"": null, ""SSD_K"": 4, ""SSD_F"": 7, ""exit"": null, ""C"": null, ""N1"": null, ""N2"": null, ""M1"": null, ""M2"": null, ""P1_roots"": null, ""draft_fanout"": null, ""proxy_fanout"": null, ""W"": null, ""R"": null, ""proxy_floor"": null, ""confidence_floor"": null, ""beta_recorded_inactive"": null, ""root"": null, ""normalization"": null, ""overlap_mix"": null, ""tree_policy"": null, ""miss_K"": 4, ""trim"": null, ""stream"": null, ""fused"": null, ""bulk"": null, ""parallel_insert"": null, ""fast_verify"": ""1"", ""backend"": ""auto"", ""ignore_eos"": false, ""greedy_only"": false, ""git_commit"": ""c02aceed848ce3f1f77709a9d3fd799a5f867191""}",llama2_b8_ssd_refine_k4_f7
Final TPS-priority,llama2,8,DUET,2.107271879734297,0.7699489200512712,0.27399514070899733,0.4959537793422739,"[604.8569354230901, 597.2842766851859]","[606.6174395875269, 599.9468714173455]","[""llama2_b8_opt_fast_r0"", ""llama2_b8_opt_fast_r1""]","[""llama2_opt_l1_full/llama2_b8_opt_fast_r0.json"", ""llama2_opt_l0_full/llama2_b8_opt_fast_r1.json""]","[""0,1"", ""2,3""]","{""model"": ""llama2"", ""method"": ""DUET"", ""target"": ""layerskip-llama2-7b"", ""draft"": ""AMD-Llama-135m"", ""target_dtype"": ""torch.float16"", ""draft_dtype"": ""torch.float16"", ""target_tp"": 1, ""input_cap"": 512, ""output_cap"": 128, ""max_model_len"": 2048, ""gpus"": ""0,1"", ""K1"": 3, ""K2"": 2, ""SSD_K"": null, ""SSD_F"": null, ""exit"": 21, ""C"": 3, ""N1"": 6, ""N2"": 4, ""M1"": 6, ""M2"": 4, ""P1_roots"": 1, ""draft_fanout"": 2, ""proxy_fanout"": 1, ""W"": 4, ""R"": null, ""proxy_floor"": 0.01, ""confidence_floor"": 0.03, ""beta_recorded_inactive"": 0.5, ""root"": ""complement"", ""normalization"": ""full"", ""overlap_mix"": 0.25, ""tree_policy"": ""reach_gain_frontier"", ""miss_K"": 4, ""trim"": 1, ""stream"": 0, ""fused"": 1, ""bulk"": 1, ""parallel_insert"": 0, ""fast_verify"": ""1"", ""backend"": ""auto"", ""ignore_eos"": false, ""greedy_only"": false, ""git_commit"": ""641f5ce88ead693790ced9a3261b01241c94e8f4""}",llama2_b8_opt_l0_profile_trim1
Final TPS-priority,llama3,1,SSD,2.6611400687590105,0.6550772477610325,,,"[123.40260065832291, 121.30195337419987]","[122.70811509537249, 120.77950603597456]","[""llama3_b1_final_ssd_fast_r0"", ""llama3_b1_final_ssd_fast_r1""]","[""final_llama3_b1_r0/llama3_b1_final_ssd_fast_r0.json"", ""final_llama3_b1_r1/llama3_b1_final_ssd_fast_r1.json""]","[""4,5"", ""6,7""]","{""model"": ""llama3"", ""method"": ""SSD"", ""target"": ""layerskip-llama3-8B"", ""draft"": ""Qwama-0.5B-Instruct"", ""target_dtype"": ""torch.bfloat16"", ""draft_dtype"": ""torch.bfloat16"", ""target_tp"": 1, ""input_cap"": 512, ""output_cap"": 128, ""max_model_len"": 2048, ""gpus"": ""4,5"", ""K1"": null, ""K2"": null, ""SSD_K"": 4, ""SSD_F"": 7, ""exit"": null, ""C"": null, ""N1"": null, ""N2"": null, ""M1"": null, ""M2"": null, ""P1_roots"": null, ""draft_fanout"": null, ""proxy_fanout"": null, ""W"": null, ""R"": null, ""proxy_floor"": null, ""confidence_floor"": null, ""beta_recorded_inactive"": null, ""root"": null, ""normalization"": null, ""overlap_mix"": null, ""tree_policy"": null, ""miss_K"": 4, ""trim"": null, ""stream"": null, ""fused"": null, ""bulk"": null, ""parallel_insert"": null, ""fast_verify"": ""1"", ""backend"": ""auto"", ""ignore_eos"": false, ""greedy_only"": false, ""git_commit"": ""1db69b5b2c40e2aff53552fcfa2107e8c9597eaa""}",llama3_b1_ssd_refine_k4_f7
Final TPS-priority,llama3,1,DUET,2.690002218032605,0.6788032893313136,0.4561242155377624,0.22267907379355117,"[115.87931462756008, 117.20691562740097]","[115.30092391763849, 116.48213561057464]","[""llama3_b1_stream_fast_r0"", ""llama3_b1_stream_fast_r1""]","[""llama3_stream_l0_full/llama3_b1_stream_fast_r0.json"", ""llama3_stream_l1_full/llama3_b1_stream_fast_r1.json""]","[""4,5"", ""6,7""]","{""model"": ""llama3"", ""method"": ""DUET"", ""target"": ""layerskip-llama3-8B"", ""draft"": ""Qwama-0.5B-Instruct"", ""target_dtype"": ""torch.bfloat16"", ""draft_dtype"": ""torch.bfloat16"", ""target_tp"": 1, ""input_cap"": 512, ""output_cap"": 128, ""max_model_len"": 2048, ""gpus"": ""4,5"", ""K1"": 4, ""K2"": 2, ""SSD_K"": null, ""SSD_F"": null, ""exit"": 16, ""C"": 3, ""N1"": 8, ""N2"": 4, ""M1"": 8, ""M2"": 4, ""P1_roots"": 2, ""draft_fanout"": 2, ""proxy_fanout"": 1, ""W"": 5, ""R"": null, ""proxy_floor"": 0.01, ""confidence_floor"": 0.03, ""beta_recorded_inactive"": 0.5, ""root"": ""complement"", ""normalization"": ""full"", ""overlap_mix"": 0.25, ""tree_policy"": ""reach_gain_frontier"", ""miss_K"": 4, ""trim"": 1, ""stream"": 1, ""fused"": 1, ""bulk"": 1, ""parallel_insert"": 0, ""fast_verify"": ""1"", ""backend"": ""auto"", ""ignore_eos"": false, ""greedy_only"": false, ""git_commit"": ""641f5ce88ead693790ced9a3261b01241c94e8f4""}",llama3_b1_stream_l0_profile_s1
Final TPS-priority,llama3,8,SSD,2.687252156068883,0.355084814544274,,,"[684.3586743149572, 694.4170559528343]","[682.6613905926164, 692.4001055611426]","[""llama3_b8_final_ssd_fast_r0"", ""llama3_b8_final_ssd_fast_r1""]","[""final_llama3_b8_r0/llama3_b8_final_ssd_fast_r0.json"", ""final_llama3_b8_r1/llama3_b8_final_ssd_fast_r1.json""]","[""6,7"", ""4,5""]","{""model"": ""llama3"", ""method"": ""SSD"", ""target"": ""layerskip-llama3-8B"", ""draft"": ""Qwama-0.5B-Instruct"", ""target_dtype"": ""torch.bfloat16"", ""draft_dtype"": ""torch.bfloat16"", ""target_tp"": 1, ""input_cap"": 512, ""output_cap"": 128, ""max_model_len"": 2048, ""gpus"": ""6,7"", ""K1"": null, ""K2"": null, ""SSD_K"": 4, ""SSD_F"": 1, ""exit"": null, ""C"": null, ""N1"": null, ""N2"": null, ""M1"": null, ""M2"": null, ""P1_roots"": null, ""draft_fanout"": null, ""proxy_fanout"": null, ""W"": null, ""R"": null, ""proxy_floor"": null, ""confidence_floor"": null, ""beta_recorded_inactive"": null, ""root"": null, ""normalization"": null, ""overlap_mix"": null, ""tree_policy"": null, ""miss_K"": 4, ""trim"": null, ""stream"": null, ""fused"": null, ""bulk"": null, ""parallel_insert"": null, ""fast_verify"": ""1"", ""backend"": ""auto"", ""ignore_eos"": false, ""greedy_only"": false, ""git_commit"": ""cbdc41f16a5770d4cb1c6f6fcbd0e5396c6e3997""}",llama3_b8_ssd_k4_f1
Final TPS-priority,llama3,8,DUET,2.284293255131965,0.8267242567660709,0.5221936313927308,0.3045306253733401,"[537.6771534192632, 542.4667672444608]","[539.2666070513219, 541.6370437285821]","[""llama3_b8_stability_final_r0"", ""llama3_b8_stability_final_r1""]","[""llama3_stability_l1_full/llama3_b8_stability_final_r0.json"", ""llama3_stability_l0_full/llama3_b8_stability_final_r1.json""]","[""6,7"", ""4,5""]","{""model"": ""llama3"", ""method"": ""DUET"", ""target"": ""layerskip-llama3-8B"", ""draft"": ""Qwama-0.5B-Instruct"", ""target_dtype"": ""torch.bfloat16"", ""draft_dtype"": ""torch.bfloat16"", ""target_tp"": 1, ""input_cap"": 512, ""output_cap"": 128, ""max_model_len"": 2048, ""gpus"": ""6,7"", ""K1"": 3, ""K2"": 1, ""SSD_K"": null, ""SSD_F"": null, ""exit"": 26, ""C"": 1, ""N1"": 3, ""N2"": 1, ""M1"": 3, ""M2"": 1, ""P1_roots"": 2, ""draft_fanout"": 2, ""proxy_fanout"": 1, ""W"": 4, ""R"": null, ""proxy_floor"": 0.01, ""confidence_floor"": 0.03, ""beta_recorded_inactive"": 0.5, ""root"": ""complement"", ""normalization"": ""full"", ""overlap_mix"": 0.25, ""tree_policy"": ""reach_gain_frontier"", ""miss_K"": 4, ""trim"": 1, ""stream"": 0, ""fused"": 1, ""bulk"": 1, ""parallel_insert"": 0, ""fast_verify"": ""1"", ""backend"": ""auto"", ""ignore_eos"": false, ""greedy_only"": false, ""git_commit"": ""474eabb811920214c8a0bf29884844272afd0feb""}",llama3_b8_stability_profile_4
AL-priority (original frozen),llama2,1,SSD,2.2594322002241314,0.47414849301641754,,,"[115.63029617968162, 115.4416447759517]","[115.89664904193192, 115.7000530748026]","[""llama2_b1_final_ssd_al_r0"", ""llama2_b1_final_ssd_al_r1""]","[""final_llama2_b1_r0/llama2_b1_final_ssd_al_r0.json"", ""final_llama2_b1_r1/llama2_b1_final_ssd_al_r1.json""]","[""2,3"", ""0,1""]","{""model"": ""llama2"", ""method"": ""SSD"", ""target"": ""layerskip-llama2-7b"", ""draft"": ""AMD-Llama-135m"", ""target_dtype"": ""torch.float16"", ""draft_dtype"": ""torch.float16"", ""target_tp"": 1, ""input_cap"": 512, ""output_cap"": 128, ""max_model_len"": 2048, ""gpus"": ""2,3"", ""K1"": null, ""K2"": null, ""SSD_K"": 6, ""SSD_F"": 5, ""exit"": null, ""C"": null, ""N1"": null, ""N2"": null, ""M1"": null, ""M2"": null, ""P1_roots"": null, ""draft_fanout"": null, ""proxy_fanout"": null, ""W"": null, ""R"": null, ""proxy_floor"": null, ""confidence_floor"": null, ""beta_recorded_inactive"": null, ""root"": null, ""normalization"": null, ""overlap_mix"": null, ""tree_policy"": null, ""miss_K"": 6, ""trim"": null, ""stream"": null, ""fused"": null, ""bulk"": null, ""parallel_insert"": null, ""fast_verify"": ""1"", ""backend"": ""auto"", ""ignore_eos"": false, ""greedy_only"": false, ""git_commit"": ""1db69b5b2c40e2aff53552fcfa2107e8c9597eaa""}",llama2_b1_ssd_k6_f5
AL-priority (original frozen),llama2,1,DUET,2.3650790190735695,0.8542501446356253,0.31710557329276395,0.5371445713428614,"[125.78752398843628, 125.62217389648244]","[126.37695798548563, 126.36175333491808]","[""llama2_b1_final_duet_fast_r0"", ""llama2_b1_final_duet_fast_r1""]","[""final_llama2_b1_r0/llama2_b1_final_duet_fast_r0.json"", ""final_llama2_b1_r1/llama2_b1_final_duet_fast_r1.json""]","[""2,3"", ""0,1""]","{""model"": ""llama2"", ""method"": ""DUET"", ""target"": ""layerskip-llama2-7b"", ""draft"": ""AMD-Llama-135m"", ""target_dtype"": ""torch.float16"", ""draft_dtype"": ""torch.float16"", ""target_tp"": 1, ""input_cap"": 512, ""output_cap"": 128, ""max_model_len"": 2048, ""gpus"": ""2,3"", ""K1"": 12, ""K2"": 2, ""SSD_K"": null, ""SSD_F"": null, ""exit"": 21, ""C"": 3, ""N1"": 16, ""N2"": 4, ""M1"": 16, ""M2"": 4, ""P1_roots"": 2, ""draft_fanout"": 2, ""proxy_fanout"": 1, ""W"": 13, ""R"": null, ""proxy_floor"": 0.01, ""confidence_floor"": 0.03, ""beta_recorded_inactive"": 0.5, ""root"": ""complement"", ""normalization"": ""full"", ""overlap_mix"": 0.25, ""tree_policy"": ""reach_gain_frontier"", ""miss_K"": 4, ""trim"": 0, ""stream"": 0, ""fused"": 1, ""bulk"": 1, ""parallel_insert"": 0, ""fast_verify"": ""1"", ""backend"": ""auto"", ""ignore_eos"": false, ""greedy_only"": false, ""git_commit"": ""709c95b53e9c29ce9d4e3284c07003171dd365f7""}",llama2_b1_refine_e21_k12_2_r2
AL-priority (original frozen),llama2,8,SSD,2.310206090697027,0.4657770668462704,,,"[619.5244801977059, 628.4998816497126]","[627.831504838204, 636.5629798936579]","[""llama2_b8_final_ssd_al_r0"", ""llama2_b8_final_ssd_al_r1""]","[""final_llama2_b8_r0/llama2_b8_final_ssd_al_r0.json"", ""final_llama2_b8_r1/llama2_b8_final_ssd_al_r1.json""]","[""0,1"", ""2,3""]","{""model"": ""llama2"", ""method"": ""SSD"", ""target"": ""layerskip-llama2-7b"", ""draft"": ""AMD-Llama-135m"", ""target_dtype"": ""torch.float16"", ""draft_dtype"": ""torch.float16"", ""target_tp"": 1, ""input_cap"": 512, ""output_cap"": 128, ""max_model_len"": 2048, ""gpus"": ""0,1"", ""K1"": null, ""K2"": null, ""SSD_K"": 8, ""SSD_F"": 5, ""exit"": null, ""C"": null, ""N1"": null, ""N2"": null, ""M1"": null, ""M2"": null, ""P1_roots"": null, ""draft_fanout"": null, ""proxy_fanout"": null, ""W"": null, ""R"": null, ""proxy_floor"": null, ""confidence_floor"": null, ""beta_recorded_inactive"": null, ""root"": null, ""normalization"": null, ""overlap_mix"": null, ""tree_policy"": null, ""miss_K"": 8, ""trim"": null, ""stream"": null, ""fused"": null, ""bulk"": null, ""parallel_insert"": null, ""fast_verify"": ""1"", ""backend"": ""auto"", ""ignore_eos"": false, ""greedy_only"": false, ""git_commit"": ""c02aceed848ce3f1f77709a9d3fd799a5f867191""}",llama2_b8_ssd_k8_f5
AL-priority (original frozen),llama2,8,DUET,2.3191314325301464,0.8196393212255413,0.33774778035642045,0.4818915408691209,"[469.3040873453919, 483.1808660652551]","[472.20674996234544, 485.3464529856662]","[""llama2_b8_final_duet_al_r0"", ""llama2_b8_final_duet_al_r1""]","[""final_llama2_b8_r0/llama2_b8_final_duet_al_r0.json"", ""final_llama2_b8_r1/llama2_b8_final_duet_al_r1.json""]","[""0,1"", ""2,3""]","{""model"": ""llama2"", ""method"": ""DUET"", ""target"": ""layerskip-llama2-7b"", ""draft"": ""AMD-Llama-135m"", ""target_dtype"": ""torch.float16"", ""draft_dtype"": ""torch.float16"", ""target_tp"": 1, ""input_cap"": 512, ""output_cap"": 128, ""max_model_len"": 2048, ""gpus"": ""0,1"", ""K1"": 6, ""K2"": 2, ""SSD_K"": null, ""SSD_F"": null, ""exit"": 21, ""C"": 3, ""N1"": 12, ""N2"": 4, ""M1"": 12, ""M2"": 4, ""P1_roots"": 2, ""draft_fanout"": 3, ""proxy_fanout"": 1, ""W"": 7, ""R"": null, ""proxy_floor"": 0.01, ""confidence_floor"": 0.03, ""beta_recorded_inactive"": 0.5, ""root"": ""complement"", ""normalization"": ""full"", ""overlap_mix"": 0.25, ""tree_policy"": ""reach_gain_frontier"", ""miss_K"": 4, ""trim"": 0, ""stream"": 0, ""fused"": 1, ""bulk"": 1, ""parallel_insert"": 0, ""fast_verify"": ""1"", ""backend"": ""auto"", ""ignore_eos"": false, ""greedy_only"": false, ""git_commit"": ""81ea7775bbda8fed1e0edc00a612ee3d8bb3f3ae""}",llama2_b8_tree_al_compute3
AL-priority (original frozen),llama3,1,SSD,3.011432710780763,0.2828044596912521,,,"[95.4243112494654, 94.86337776224906]","[95.44532949805357, 94.5830415484906]","[""llama3_b1_final_ssd_al_r0"", ""llama3_b1_final_ssd_al_r1""]","[""final_llama3_b1_r0/llama3_b1_final_ssd_al_r0.json"", ""final_llama3_b1_r1/llama3_b1_final_ssd_al_r1.json""]","[""4,5"", ""6,7""]","{""model"": ""llama3"", ""method"": ""SSD"", ""target"": ""layerskip-llama3-8B"", ""draft"": ""Qwama-0.5B-Instruct"", ""target_dtype"": ""torch.bfloat16"", ""draft_dtype"": ""torch.bfloat16"", ""target_tp"": 1, ""input_cap"": 512, ""output_cap"": 128, ""max_model_len"": 2048, ""gpus"": ""4,5"", ""K1"": null, ""K2"": null, ""SSD_K"": 8, ""SSD_F"": 1, ""exit"": null, ""C"": null, ""N1"": null, ""N2"": null, ""M1"": null, ""M2"": null, ""P1_roots"": null, ""draft_fanout"": null, ""proxy_fanout"": null, ""W"": null, ""R"": null, ""proxy_floor"": null, ""confidence_floor"": null, ""beta_recorded_inactive"": null, ""root"": null, ""normalization"": null, ""overlap_mix"": null, ""tree_policy"": null, ""miss_K"": 8, ""trim"": null, ""stream"": null, ""fused"": null, ""bulk"": null, ""parallel_insert"": null, ""fast_verify"": ""1"", ""backend"": ""auto"", ""ignore_eos"": false, ""greedy_only"": false, ""git_commit"": ""1db69b5b2c40e2aff53552fcfa2107e8c9597eaa""}",llama3_b1_ssd_k8_f1
AL-priority (original frozen),llama3,1,DUET,2.976754183939813,0.6778136393521009,0.4212240750702289,0.25658956428187196,"[93.97329425679418, 91.35792918935276]","[93.58123196442922, 90.97340184755387]","[""llama3_b1_final_duet_al_r0"", ""llama3_b1_final_duet_al_r1""]","[""final_llama3_b1_r0/llama3_b1_final_duet_al_r0.json"", ""final_llama3_b1_r1/llama3_b1_final_duet_al_r1.json""]","[""4,5"", ""6,7""]","{""model"": ""llama3"", ""method"": ""DUET"", ""target"": ""layerskip-llama3-8B"", ""draft"": ""Qwama-0.5B-Instruct"", ""target_dtype"": ""torch.bfloat16"", ""draft_dtype"": ""torch.bfloat16"", ""target_tp"": 1, ""input_cap"": 512, ""output_cap"": 128, ""max_model_len"": 2048, ""gpus"": ""4,5"", ""K1"": 6, ""K2"": 4, ""SSD_K"": null, ""SSD_F"": null, ""exit"": 16, ""C"": 3, ""N1"": 12, ""N2"": 8, ""M1"": 12, ""M2"": 8, ""P1_roots"": 2, ""draft_fanout"": 2, ""proxy_fanout"": 1, ""W"": 7, ""R"": null, ""proxy_floor"": 0.01, ""confidence_floor"": 0.03, ""beta_recorded_inactive"": 0.5, ""root"": ""complement"", ""normalization"": ""full"", ""overlap_mix"": 0.25, ""tree_policy"": ""reach_gain_frontier"", ""miss_K"": 4, ""trim"": 0, ""stream"": 0, ""fused"": 1, ""bulk"": 1, ""parallel_insert"": 0, ""fast_verify"": ""1"", ""backend"": ""auto"", ""ignore_eos"": false, ""greedy_only"": false, ""git_commit"": ""709c95b53e9c29ce9d4e3284c07003171dd365f7""}",llama3_b1_refine_e16_k6_4_r2
AL-priority (original frozen),llama3,8,SSD,3.064049652877755,0.4773412957606295,,,"[402.3491611657643, 392.3162440101591]","[402.401800725754, 393.1243092378819]","[""llama3_b8_final_ssd_al_r0"", ""llama3_b8_final_ssd_al_r1""]","[""final_llama3_b8_r0/llama3_b8_final_ssd_al_r0.json"", ""final_llama3_b8_r1/llama3_b8_final_ssd_al_r1.json""]","[""6,7"", ""4,5""]","{""model"": ""llama3"", ""method"": ""SSD"", ""target"": ""layerskip-llama3-8B"", ""draft"": ""Qwama-0.5B-Instruct"", ""target_dtype"": ""torch.bfloat16"", ""draft_dtype"": ""torch.bfloat16"", ""target_tp"": 1, ""input_cap"": 512, ""output_cap"": 128, ""max_model_len"": 2048, ""gpus"": ""6,7"", ""K1"": null, ""K2"": null, ""SSD_K"": 8, ""SSD_F"": 3, ""exit"": null, ""C"": null, ""N1"": null, ""N2"": null, ""M1"": null, ""M2"": null, ""P1_roots"": null, ""draft_fanout"": null, ""proxy_fanout"": null, ""W"": null, ""R"": null, ""proxy_floor"": null, ""confidence_floor"": null, ""beta_recorded_inactive"": null, ""root"": null, ""normalization"": null, ""overlap_mix"": null, ""tree_policy"": null, ""miss_K"": 8, ""trim"": null, ""stream"": null, ""fused"": null, ""bulk"": null, ""parallel_insert"": null, ""fast_verify"": ""1"", ""backend"": ""auto"", ""ignore_eos"": false, ""greedy_only"": false, ""git_commit"": ""69192a52972dc5f39cc698da4c6e01b55fd894b5""}",llama3_b8_ssd_k8_f3
AL-priority (original frozen),llama3,8,DUET,2.900287373525714,0.8580756113912612,0.4189232518144985,0.43915235957676274,"[334.8659205629519, 334.2097607212277]","[332.50494083994766, 335.6733768292971]","[""llama3_b8_final_duet_al_r0"", ""llama3_b8_final_duet_al_r1""]","[""final_llama3_b8_r0/llama3_b8_final_duet_al_r0.json"", ""final_llama3_b8_r1/llama3_b8_final_duet_al_r1.json""]","[""6,7"", ""4,5""]","{""model"": ""llama3"", ""method"": ""DUET"", ""target"": ""layerskip-llama3-8B"", ""draft"": ""Qwama-0.5B-Instruct"", ""target_dtype"": ""torch.bfloat16"", ""draft_dtype"": ""torch.bfloat16"", ""target_tp"": 1, ""input_cap"": 512, ""output_cap"": 128, ""max_model_len"": 2048, ""gpus"": ""6,7"", ""K1"": 6, ""K2"": 3, ""SSD_K"": null, ""SSD_F"": null, ""exit"": 30, ""C"": 3, ""N1"": 12, ""N2"": 4, ""M1"": 12, ""M2"": 4, ""P1_roots"": 2, ""draft_fanout"": 3, ""proxy_fanout"": 1, ""W"": 7, ""R"": null, ""proxy_floor"": 0.01, ""confidence_floor"": 0.03, ""beta_recorded_inactive"": 0.5, ""root"": ""complement"", ""normalization"": ""full"", ""overlap_mix"": 0.25, ""tree_policy"": ""reach_gain_frontier"", ""miss_K"": 4, ""trim"": 0, ""stream"": 0, ""fused"": 1, ""bulk"": 1, ""parallel_insert"": 0, ""fast_verify"": ""1"", ""backend"": ""auto"", ""ignore_eos"": false, ""greedy_only"": false, ""git_commit"": ""c02aceed848ce3f1f77709a9d3fd799a5f867191""}",llama3_b8_combo_al_k2_3
batch_transfer,llama2,2,SSD,2.152683235713155,0.5499026100506428,,,[213.61059609745942],[213.87537068200518],"[""llama2_b2_scale_ssd""]","[""final_llama2_b8_r0/llama2_b2_scale_ssd.json""]","[""0,1""]","{""model"": ""llama2"", ""method"": ""SSD"", ""target"": ""layerskip-llama2-7b"", ""draft"": ""AMD-Llama-135m"", ""target_dtype"": ""torch.float16"", ""draft_dtype"": ""torch.float16"", ""target_tp"": 1, ""input_cap"": 512, ""output_cap"": 128, ""max_model_len"": 2048, ""gpus"": ""0,1"", ""K1"": null, ""K2"": null, ""SSD_K"": 4, ""SSD_F"": 7, ""exit"": null, ""C"": null, ""N1"": null, ""N2"": null, ""M1"": null, ""M2"": null, ""P1_roots"": null, ""draft_fanout"": null, ""proxy_fanout"": null, ""W"": null, ""R"": null, ""proxy_floor"": null, ""confidence_floor"": null, ""beta_recorded_inactive"": null, ""root"": null, ""normalization"": null, ""overlap_mix"": null, ""tree_policy"": null, ""miss_K"": 4, ""trim"": null, ""stream"": null, ""fused"": null, ""bulk"": null, ""parallel_insert"": null, ""fast_verify"": ""1"", ""backend"": ""auto"", ""ignore_eos"": false, ""greedy_only"": false, ""git_commit"": ""69192a52972dc5f39cc698da4c6e01b55fd894b5""}",
batch_transfer,llama2,2,DUET,2.1491975042184985,0.7746821747362727,0.28691216816723986,0.4877700065690328,[216.07768352756864],[215.97950995234817],"[""llama2_b2_scale_duet""]","[""final_llama2_b8_r0/llama2_b2_scale_duet.json""]","[""0,1""]","{""model"": ""llama2"", ""method"": ""DUET"", ""target"": ""layerskip-llama2-7b"", ""draft"": ""AMD-Llama-135m"", ""target_dtype"": ""torch.float16"", ""draft_dtype"": ""torch.float16"", ""target_tp"": 1, ""input_cap"": 512, ""output_cap"": 128, ""max_model_len"": 2048, ""gpus"": ""0,1"", ""K1"": 3, ""K2"": 2, ""SSD_K"": null, ""SSD_F"": null, ""exit"": 21, ""C"": 3, ""N1"": 6, ""N2"": 4, ""M1"": 6, ""M2"": 4, ""P1_roots"": 1, ""draft_fanout"": 2, ""proxy_fanout"": 1, ""W"": 4, ""R"": null, ""proxy_floor"": 0.01, ""confidence_floor"": 0.03, ""beta_recorded_inactive"": 0.5, ""root"": ""complement"", ""normalization"": ""full"", ""overlap_mix"": 0.25, ""tree_policy"": ""reach_gain_frontier"", ""miss_K"": 4, ""trim"": 0, ""stream"": 0, ""fused"": 1, ""bulk"": 1, ""parallel_insert"": 0, ""fast_verify"": ""1"", ""backend"": ""auto"", ""ignore_eos"": false, ""greedy_only"": false, ""git_commit"": ""cbdc41f16a5770d4cb1c6f6fcbd0e5396c6e3997""}",
batch_transfer,llama2,4,SSD,2.123128054740958,0.5442818636888718,,,[383.26557036691685],[384.27063439165914],"[""llama2_b4_scale_ssd""]","[""final_llama2_b8_r0/llama2_b4_scale_ssd.json""]","[""0,1""]","{""model"": ""llama2"", ""method"": ""SSD"", ""target"": ""layerskip-llama2-7b"", ""draft"": ""AMD-Llama-135m"", ""target_dtype"": ""torch.float16"", ""draft_dtype"": ""torch.float16"", ""target_tp"": 1, ""input_cap"": 512, ""output_cap"": 128, ""max_model_len"": 2048, ""gpus"": ""0,1"", ""K1"": null, ""K2"": null, ""SSD_K"": 4, ""SSD_F"": 7, ""exit"": null, ""C"": null, ""N1"": null, ""N2"": null, ""M1"": null, ""M2"": null, ""P1_roots"": null, ""draft_fanout"": null, ""proxy_fanout"": null, ""W"": null, ""R"": null, ""proxy_floor"": null, ""confidence_floor"": null, ""beta_recorded_inactive"": null, ""root"": null, ""normalization"": null, ""overlap_mix"": null, ""tree_policy"": null, ""miss_K"": 4, ""trim"": null, ""stream"": null, ""fused"": null, ""bulk"": null, ""parallel_insert"": null, ""fast_verify"": ""1"", ""backend"": ""auto"", ""ignore_eos"": false, ""greedy_only"": false, ""git_commit"": ""709c95b53e9c29ce9d4e3284c07003171dd365f7""}",
batch_transfer,llama2,4,DUET,2.107765886549845,0.765862135547403,0.2775439273991118,0.4883182081482912,[365.4593864921436],[365.79181000510096],"[""llama2_b4_scale_duet""]","[""final_llama2_b8_r0/llama2_b4_scale_duet.json""]","[""0,1""]","{""model"": ""llama2"", ""method"": ""DUET"", ""target"": ""layerskip-llama2-7b"", ""draft"": ""AMD-Llama-135m"", ""target_dtype"": ""torch.float16"", ""draft_dtype"": ""torch.float16"", ""target_tp"": 1, ""input_cap"": 512, ""output_cap"": 128, ""max_model_len"": 2048, ""gpus"": ""0,1"", ""K1"": 3, ""K2"": 2, ""SSD_K"": null, ""SSD_F"": null, ""exit"": 21, ""C"": 3, ""N1"": 6, ""N2"": 4, ""M1"": 6, ""M2"": 4, ""P1_roots"": 1, ""draft_fanout"": 2, ""proxy_fanout"": 1, ""W"": 4, ""R"": null, ""proxy_floor"": 0.01, ""confidence_floor"": 0.03, ""beta_recorded_inactive"": 0.5, ""root"": ""complement"", ""normalization"": ""full"", ""overlap_mix"": 0.25, ""tree_policy"": ""reach_gain_frontier"", ""miss_K"": 4, ""trim"": 0, ""stream"": 0, ""fused"": 1, ""bulk"": 1, ""parallel_insert"": 0, ""fast_verify"": ""1"", ""backend"": ""auto"", ""ignore_eos"": false, ""greedy_only"": false, ""git_commit"": ""709c95b53e9c29ce9d4e3284c07003171dd365f7""}",
long_transfer,llama2,8,SSD,2.4076133447390933,0.6075279552715654,,,[735.6918933416277],[736.1953330595329],"[""llama2_b8_long_ssd""]","[""final_llama2_b8_r0/llama2_b8_long_ssd.json""]","[""0,1""]","{""model"": ""llama2"", ""method"": ""SSD"", ""target"": ""layerskip-llama2-7b"", ""draft"": ""AMD-Llama-135m"", ""target_dtype"": ""torch.float16"", ""draft_dtype"": ""torch.float16"", ""target_tp"": 1, ""input_cap"": 1024, ""output_cap"": 256, ""max_model_len"": 2048, ""gpus"": ""0,1"", ""K1"": null, ""K2"": null, ""SSD_K"": 4, ""SSD_F"": 7, ""exit"": null, ""C"": null, ""N1"": null, ""N2"": null, ""M1"": null, ""M2"": null, ""P1_roots"": null, ""draft_fanout"": null, ""proxy_fanout"": null, ""W"": null, ""R"": null, ""proxy_floor"": null, ""confidence_floor"": null, ""beta_recorded_inactive"": null, ""root"": null, ""normalization"": null, ""overlap_mix"": null, ""tree_policy"": null, ""miss_K"": 4, ""trim"": null, ""stream"": null, ""fused"": null, ""bulk"": null, ""parallel_insert"": null, ""fast_verify"": ""1"", ""backend"": ""auto"", ""ignore_eos"": false, ""greedy_only"": false, ""git_commit"": ""1db69b5b2c40e2aff53552fcfa2107e8c9597eaa""}",llama2_b8_ssd_refine_k4_f7
long_transfer,llama2,8,DUET,2.3588440698374473,0.8006832624587893,0.3608390271871566,0.4398442352716327,[647.4106892277782],[647.5515750176489],"[""llama2_b8_long_duet""]","[""final_llama2_b8_r0/llama2_b8_long_duet.json""]","[""0,1""]","{""model"": ""llama2"", ""method"": ""DUET"", ""target"": ""layerskip-llama2-7b"", ""draft"": ""AMD-Llama-135m"", ""target_dtype"": ""torch.float16"", ""draft_dtype"": ""torch.float16"", ""target_tp"": 1, ""input_cap"": 1024, ""output_cap"": 256, ""max_model_len"": 2048, ""gpus"": ""0,1"", ""K1"": 3, ""K2"": 2, ""SSD_K"": null, ""SSD_F"": null, ""exit"": 21, ""C"": 3, ""N1"": 6, ""N2"": 4, ""M1"": 6, ""M2"": 4, ""P1_roots"": 1, ""draft_fanout"": 2, ""proxy_fanout"": 1, ""W"": 4, ""R"": null, ""proxy_floor"": 0.01, ""confidence_floor"": 0.03, ""beta_recorded_inactive"": 0.5, ""root"": ""complement"", ""normalization"": ""full"", ""overlap_mix"": 0.25, ""tree_policy"": ""reach_gain_frontier"", ""miss_K"": 4, ""trim"": 0, ""stream"": 0, ""fused"": 1, ""bulk"": 1, ""parallel_insert"": 0, ""fast_verify"": ""1"", ""backend"": ""auto"", ""ignore_eos"": false, ""greedy_only"": false, ""git_commit"": ""1db69b5b2c40e2aff53552fcfa2107e8c9597eaa""}",llama2_b8_opt_l0_profile_trim0
batch_transfer,llama3,2,SSD,2.6753481741419014,0.3505965437911294,,,[200.53037480775942],[199.79223872255105],"[""llama3_b2_scale_ssd""]","[""final_llama3_b8_r0/llama3_b2_scale_ssd.json""]","[""6,7""]","{""model"": ""llama3"", ""method"": ""SSD"", ""target"": ""layerskip-llama3-8B"", ""draft"": ""Qwama-0.5B-Instruct"", ""target_dtype"": ""torch.bfloat16"", ""draft_dtype"": ""torch.bfloat16"", ""target_tp"": 1, ""input_cap"": 512, ""output_cap"": 128, ""max_model_len"": 2048, ""gpus"": ""6,7"", ""K1"": null, ""K2"": null, ""SSD_K"": 4, ""SSD_F"": 1, ""exit"": null, ""C"": null, ""N1"": null, ""N2"": null, ""M1"": null, ""M2"": null, ""P1_roots"": null, ""draft_fanout"": null, ""proxy_fanout"": null, ""W"": null, ""R"": null, ""proxy_floor"": null, ""confidence_floor"": null, ""beta_recorded_inactive"": null, ""root"": null, ""normalization"": null, ""overlap_mix"": null, ""tree_policy"": null, ""miss_K"": 4, ""trim"": null, ""stream"": null, ""fused"": null, ""bulk"": null, ""parallel_insert"": null, ""fast_verify"": ""1"", ""backend"": ""auto"", ""ignore_eos"": false, ""greedy_only"": false, ""git_commit"": ""cbdc41f16a5770d4cb1c6f6fcbd0e5396c6e3997""}",
batch_transfer,llama3,2,DUET,2.3892497091896083,0.8177550149381135,0.5034381372409541,0.3143168776971594,[188.69499249597354],[187.69672677385262],"[""llama3_b2_scale_duet""]","[""final_llama3_b8_r0/llama3_b2_scale_duet.json""]","[""6,7""]","{""model"": ""llama3"", ""method"": ""DUET"", ""target"": ""layerskip-llama3-8B"", ""draft"": ""Qwama-0.5B-Instruct"", ""target_dtype"": ""torch.bfloat16"", ""draft_dtype"": ""torch.bfloat16"", ""target_tp"": 1, ""input_cap"": 512, ""output_cap"": 128, ""max_model_len"": 2048, ""gpus"": ""6,7"", ""K1"": 3, ""K2"": 2, ""SSD_K"": null, ""SSD_F"": null, ""exit"": 26, ""C"": 1, ""N1"": 3, ""N2"": 2, ""M1"": 3, ""M2"": 2, ""P1_roots"": 2, ""draft_fanout"": 2, ""proxy_fanout"": 1, ""W"": 4, ""R"": null, ""proxy_floor"": 0.01, ""confidence_floor"": 0.03, ""beta_recorded_inactive"": 0.5, ""root"": ""complement"", ""normalization"": ""full"", ""overlap_mix"": 0.25, ""tree_policy"": ""reach_gain_frontier"", ""miss_K"": 4, ""trim"": 0, ""stream"": 0, ""fused"": 1, ""bulk"": 1, ""parallel_insert"": 0, ""fast_verify"": ""1"", ""backend"": ""auto"", ""ignore_eos"": false, ""greedy_only"": false, ""git_commit"": ""709c95b53e9c29ce9d4e3284c07003171dd365f7""}",
batch_transfer,llama3,4,SSD,2.6955108785458552,0.3619216508141222,,,[367.99879935336503],[366.44055815814056],"[""llama3_b4_scale_ssd""]","[""final_llama3_b8_r0/llama3_b4_scale_ssd.json""]","[""6,7""]","{""model"": ""llama3"", ""method"": ""SSD"", ""target"": ""layerskip-llama3-8B"", ""draft"": ""Qwama-0.5B-Instruct"", ""target_dtype"": ""torch.bfloat16"", ""draft_dtype"": ""torch.bfloat16"", ""target_tp"": 1, ""input_cap"": 512, ""output_cap"": 128, ""max_model_len"": 2048, ""gpus"": ""6,7"", ""K1"": null, ""K2"": null, ""SSD_K"": 4, ""SSD_F"": 1, ""exit"": null, ""C"": null, ""N1"": null, ""N2"": null, ""M1"": null, ""M2"": null, ""P1_roots"": null, ""draft_fanout"": null, ""proxy_fanout"": null, ""W"": null, ""R"": null, ""proxy_floor"": null, ""confidence_floor"": null, ""beta_recorded_inactive"": null, ""root"": null, ""normalization"": null, ""overlap_mix"": null, ""tree_policy"": null, ""miss_K"": 4, ""trim"": null, ""stream"": null, ""fused"": null, ""bulk"": null, ""parallel_insert"": null, ""fast_verify"": ""1"", ""backend"": ""auto"", ""ignore_eos"": false, ""greedy_only"": false, ""git_commit"": ""1db69b5b2c40e2aff53552fcfa2107e8c9597eaa""}",
batch_transfer,llama3,4,DUET,2.4108863920099877,0.8175424887673374,0.5070814612228951,0.31046102754444227,[312.4304372862517],[311.1183281756594],"[""llama3_b4_scale_duet""]","[""final_llama3_b8_r0/llama3_b4_scale_duet.json""]","[""6,7""]","{""model"": ""llama3"", ""method"": ""DUET"", ""target"": ""layerskip-llama3-8B"", ""draft"": ""Qwama-0.5B-Instruct"", ""target_dtype"": ""torch.bfloat16"", ""draft_dtype"": ""torch.bfloat16"", ""target_tp"": 1, ""input_cap"": 512, ""output_cap"": 128, ""max_model_len"": 2048, ""gpus"": ""6,7"", ""K1"": 3, ""K2"": 2, ""SSD_K"": null, ""SSD_F"": null, ""exit"": 26, ""C"": 1, ""N1"": 3, ""N2"": 2, ""M1"": 3, ""M2"": 2, ""P1_roots"": 2, ""draft_fanout"": 2, ""proxy_fanout"": 1, ""W"": 4, ""R"": null, ""proxy_floor"": 0.01, ""confidence_floor"": 0.03, ""beta_recorded_inactive"": 0.5, ""root"": ""complement"", ""normalization"": ""full"", ""overlap_mix"": 0.25, ""tree_policy"": ""reach_gain_frontier"", ""miss_K"": 4, ""trim"": 0, ""stream"": 0, ""fused"": 1, ""bulk"": 1, ""parallel_insert"": 0, ""fast_verify"": ""1"", ""backend"": ""auto"", ""ignore_eos"": false, ""greedy_only"": false, ""git_commit"": ""1db69b5b2c40e2aff53552fcfa2107e8c9597eaa""}",
long_transfer,llama3,8,SSD,2.9209122293126897,0.42604363511424154,,,[745.2572636825254],[741.490128471031],"[""llama3_b8_long_ssd""]","[""final_llama3_b8_r0/llama3_b8_long_ssd.json""]","[""6,7""]","{""model"": ""llama3"", ""method"": ""SSD"", ""target"": ""layerskip-llama3-8B"", ""draft"": ""Qwama-0.5B-Instruct"", ""target_dtype"": ""torch.bfloat16"", ""draft_dtype"": ""torch.bfloat16"", ""target_tp"": 1, ""input_cap"": 1024, ""output_cap"": 256, ""max_model_len"": 2048, ""gpus"": ""6,7"", ""K1"": null, ""K2"": null, ""SSD_K"": 4, ""SSD_F"": 1, ""exit"": null, ""C"": null, ""N1"": null, ""N2"": null, ""M1"": null, ""M2"": null, ""P1_roots"": null, ""draft_fanout"": null, ""proxy_fanout"": null, ""W"": null, ""R"": null, ""proxy_floor"": null, ""confidence_floor"": null, ""beta_recorded_inactive"": null, ""root"": null, ""normalization"": null, ""overlap_mix"": null, ""tree_policy"": null, ""miss_K"": 4, ""trim"": null, ""stream"": null, ""fused"": null, ""bulk"": null, ""parallel_insert"": null, ""fast_verify"": ""1"", ""backend"": ""auto"", ""ignore_eos"": false, ""greedy_only"": false, ""git_commit"": ""1db69b5b2c40e2aff53552fcfa2107e8c9597eaa""}",llama3_b8_ssd_k4_f1
long_transfer,llama3,8,DUET,2.581391750982394,0.8475181635020453,0.5668233713901948,0.28069479211185056,[518.8138046655351],[520.5427298108897],"[""llama3_b8_long_duet""]","[""final_llama3_b8_r0/llama3_b8_long_duet.json""]","[""6,7""]","{""model"": ""llama3"", ""method"": ""DUET"", ""target"": ""layerskip-llama3-8B"", ""draft"": ""Qwama-0.5B-Instruct"", ""target_dtype"": ""torch.bfloat16"", ""draft_dtype"": ""torch.bfloat16"", ""target_tp"": 1, ""input_cap"": 1024, ""output_cap"": 256, ""max_model_len"": 2048, ""gpus"": ""6,7"", ""K1"": 3, ""K2"": 2, ""SSD_K"": null, ""SSD_F"": null, ""exit"": 26, ""C"": 1, ""N1"": 3, ""N2"": 2, ""M1"": 3, ""M2"": 2, ""P1_roots"": 2, ""draft_fanout"": 2, ""proxy_fanout"": 1, ""W"": 4, ""R"": null, ""proxy_floor"": 0.01, ""confidence_floor"": 0.03, ""beta_recorded_inactive"": 0.5, ""root"": ""complement"", ""normalization"": ""full"", ""overlap_mix"": 0.25, ""tree_policy"": ""reach_gain_frontier"", ""miss_K"": 4, ""trim"": 0, ""stream"": 0, ""fused"": 1, ""bulk"": 1, ""parallel_insert"": 0, ""fast_verify"": ""1"", ""backend"": ""auto"", ""ignore_eos"": false, ""greedy_only"": false, ""git_commit"": ""1db69b5b2c40e2aff53552fcfa2107e8c9597eaa""}",llama3_b8_opt_l0_profile_trim0
